åºå·,è®ºæ–‡ç±»å‹,è®ºæ–‡é¢˜ç›®,é¢˜ç›®ç¿»è¯‘,å‘è¡¨æ—¶é—´,è°·æ­Œå¼•ç”¨,ä½œè€…,å­¦æ ¡/æœºæ„,è®ºæ–‡æ¦‚è¦,è®ºæ–‡åœ°å€,ä»£ç åœ°å€,Github StarğŸŒŸ,æ‰€ç”¨æ•°æ®é›†,æ•°æ®é›†åœ°å€,å¤‡æ³¨
1,è§„åˆ’æ¨¡å‹ï¼›æ¨ç†å¯¹é½,Making Large Language Models Better Planners with Reasoning-Decision Alignment,è®©å¤§å‹è¯­è¨€æ¨¡å‹æˆä¸ºæ›´å¥½çš„è§„åˆ’å™¨ï¼šé€šè¿‡æ¨ç†-å†³ç­–å¯¹é½å®ç°æ”¹è¿›,2024,30,,,è®ºæ–‡æå‡ºä¸€ç§å¤šæ¨¡æ€å¤§è¯­è¨€æ¨¡å‹è§„åˆ’å™¨ç§°ä¸º RDA-Driverï¼Œé€šè¿‡åŒæ—¶æ‰§è¡Œé“¾-æ€ç»´ï¼ˆChain-of-Thoughtï¼‰æ¨ç†å’Œè§„åˆ’å†³ç­–ï¼Œå¹¶å¼•å…¥â€œæ¨ç†-å†³ç­–å¯¹é½â€ï¼ˆreasoning-decision alignmentï¼‰çº¦æŸï¼Œä»è€Œæ”¹è¿›äº†æ¨¡å‹åœ¨ç«¯åˆ°ç«¯è‡ªåŠ¨é©¾é©¶è§„åˆ’ä»»åŠ¡ä¸­çš„æ€§èƒ½ã€‚,https://arxiv.org/pdf/2408.13890?,,,,,
2,åœºæ™¯å›¾ï¼›é¢„æµ‹,Towards Scene Graph Anticipation,é¢å‘åœºæ™¯å›¾é¢„æµ‹çš„ç ”ç©¶,2024,,,,,,,,,,
3,è„‰å†²ç½‘ç»œï¼›ç›®æ ‡æ£€æµ‹,Integer-Valued Training and Spike-driven Inference Spiking Neural Network for High-performance and Energy-efficient Object Detection,ç”¨äºé«˜æ€§èƒ½å’Œé«˜èƒ½æ•ˆç›®æ ‡æ£€æµ‹çš„æ•´æ•°å€¼è®­ç»ƒä¸è„‰å†²é©±åŠ¨æ¨ç†è„‰å†²ç¥ç»ç½‘ç»œ,2024,,,,,,,,,,
4,æ·±åº¦å±•å¼€ï¼›å‹ç¼©æˆåƒ,Latent Diffusion Prior Enhanced Deep Unfolding for Snapshot Spectral Compressive Imaging,ç”¨äºå¿«ç…§å…‰è°±å‹ç¼©æˆåƒçš„æ½œå˜é‡æ‰©æ•£å…ˆéªŒå¢å¼ºæ·±åº¦å±•å¼€,2024,,,,,,,,,,
5,å§¿æ€ä¼°è®¡ï¼›è‡ªç›‘ç£,OP-Align: Object-level and Part-level Alignment for Self-supervised Category-level Articulated Object Pose Estimation,OP-Alignï¼šé¢å‘è‡ªç›‘ç£ç±»åˆ«çº§å…³èŠ‚ç‰©ä½“ä½å§¿ä¼°è®¡çš„ç›®æ ‡çº§ä¸éƒ¨ä»¶çº§å¯¹é½,2024,,,,,,,,,,
6,åœ°å›¾æ„å»ºï¼›è·Ÿè¸ª,MapTracker: Tracking with Strided Memory Fusion for Consistent Vector HD Mapping,MapTrackerï¼šç”¨äºä¸€è‡´çŸ¢é‡é«˜æ¸…åœ°å›¾æ„å»ºçš„è·¨æ­¥è®°å¿†èåˆè·Ÿè¸ª,2024,,,,,,,,,,
7,Transformerï¼›éƒ¨ä»¶å‘ç°,PDiscoFormer: Relaxing Part Discovery Constraints with Vision Transformers,PDiscoFormerï¼šåˆ©ç”¨è§†è§‰ Transformer æ”¾å®½éƒ¨ä»¶å‘ç°çº¦æŸ,2024,6,,,è®ºæ–‡æå‡º PDiscoFormer: Relaxing Part Discovery Constraints with Vision Transformersï¼Œåˆ©ç”¨é¢„è®­ç»ƒçš„è‡ªç›‘ç£ ViT æ¨¡å‹ï¼ˆå¦‚ DINOv2 ViTï¼‰æ¥è¿›è¡Œå¯¹è±¡éƒ¨ä»¶å‘ç°ï¼Œå¹¶é€šè¿‡å¼•å…¥æ€»å˜å·®ï¼ˆTVï¼‰å…ˆéªŒæ”¾æ¾ä¼ ç»Ÿæ–¹æ³•ä¸­â€œéƒ¨ä»¶å¿…é¡»å°ä¸”ç´§è‡´â€çš„å‡ ä½•å‡è®¾ï¼Œä»è€Œåœ¨ç»†ç²’åº¦åˆ†ç±»å’Œéƒ¨ä»¶å‘ç°ä»»åŠ¡ä¸Šå–å¾—æ˜æ˜¾æå‡ã€‚,https://arxiv.org/pdf/2407.04538,https://github.com/ananthu-aniraj/pdiscoformer?utm_source=chatgpt.com,17,,,
8,å…‰æµï¼›ä¼°è®¡,"SEA-RAFT: Simple, Efficient, Accurate RAFT for Optical Flow",SEA-RAFTï¼šç®€å•ã€é«˜æ•ˆä¸”å‡†ç¡®çš„å…‰æµ RAFT,2024,,,,,,,,,,
9,æ·±åº¦ä¼°è®¡ï¼›è‡ªç›‘ç£,M^2Depth: Self-supervised Two-Frame Multi-camera Metric Depth Estimation,MÂ²Depthï¼šè‡ªç›‘ç£çš„åŒå¸§å¤šç›¸æœºåº¦é‡æ·±åº¦ä¼°è®¡,2024,,,,,,,,,,
10,è‡ªåŠ¨é©¾é©¶ï¼›æ„ŸçŸ¥æ•°æ®é›†,H-V2X: A Large Scale Highway Dataset for BEV Perception,H-V2Xï¼šé¢å‘é¸Ÿç°å›¾æ„ŸçŸ¥çš„å¤§è§„æ¨¡é«˜é€Ÿå…¬è·¯æ•°æ®é›†,2024,,,,,,,,,,
11,å•å…‰å­æˆåƒï¼›æˆåƒä¼˜åŒ–,Photon Inhibition for Energy-Efficient Single-Photon Imaging,ç”¨äºèŠ‚èƒ½å•å…‰å­æˆåƒçš„å…‰å­æŠ‘åˆ¶,2024,,,,,,,,,,
12,ä¸‰ç»´æè¿°ï¼›å­—å¹•ç”Ÿæˆ,Bi-directional Contextual Attention for 3D Dense Captioning,ç”¨äºä¸‰ç»´è‡´å¯†æè¿°ç”Ÿæˆçš„åŒå‘ä¸Šä¸‹æ–‡æ³¨æ„åŠ›,2024,,,,,,,,,,
13,è§†è§‰è¡¨ç¤ºï¼›æç®€å»ºæ¨¡,Minimalist Vision with Freeform Pixelsã€æœ€ä½³è®ºæ–‡ã€‘,è‡ªç”±åƒç´ ä¸‹çš„æç®€è§†è§‰,2024,8,,,è®ºæ–‡æå‡ºä¸€ç§â€œæç®€è§†è§‰â€ç³»ç»Ÿ â€”â€” åˆ©ç”¨éå¸¸å°‘æ•°çš„â€œè‡ªç”±å½¢çŠ¶åƒç´ â€ï¼ˆfreeform pixelsï¼‰ä»£æ›¿ä¼ ç»Ÿç½‘æ ¼åƒç´ ï¼Œå¹¶å°†æ‘„åƒå¤´ç¡¬ä»¶å»ºæ¨¡ä¸ºç¥ç»ç½‘ç»œçš„ç¬¬ä¸€å±‚ï¼Œä»è€Œåœ¨8 åƒç´ çº§åˆ«å®ç°å®¤å†…ç›‘æ§ã€æˆ¿é—´ç…§æ˜æµ‹é‡ã€äº¤é€šæµé‡ä¼°è®¡ç­‰ä»»åŠ¡ï¼ŒåŒæ—¶æ˜¾è‘—é™ä½åŠŸè€—å¹¶å…·å¤‡éšç§ä¿æŠ¤,https://arxiv.org/pdf/2501.00142,https://github.com/ColumbiaComputerVision/mincam?utm_source=chatgpt.com,10,,,
14,ä¸ç¡®å®šæ€§ï¼›ç›®æ ‡æ£€æµ‹,Adaptive Bounding Box Uncertainties via Two-Step Conformal Prediction,é€šè¿‡ä¸¤æ­¥ä¸€è‡´æ€§é¢„æµ‹è‡ªé€‚åº”è¾¹ç•Œæ¡†ä¸ç¡®å®šæ€§,2024,,,,,,,,,,
15,ä¸‰ç»´é‡å»ºï¼›NOCS,OmniNOCS: A unified NOCS dataset and model for 3D lifting of 2D objects,OmniNOCSï¼šé¢å‘äºŒç»´ç‰©ä½“ä¸‰ç»´æ¢å¤çš„ç»Ÿä¸€ NOCS æ•°æ®é›†ä¸æ¨¡å‹,2024,,,,,,,,,,
16,æ–°è§†å›¾åˆæˆï¼›å…‰ä¼ æ’­,Flying with Photons: Rendering Novel Views of Propagating Light,ç”¨å…‰å­é£è¡Œï¼šä¼ æ’­å…‰çš„æ–°è§†è§’æ¸²æŸ“,2024,,,,,,,,,,
17,è®¡æ•°ï¼›æ— ç¤ºä¾‹è®¡æ•°,ABC Easy as 123: A Blind Counter for Exemplar-Free Multi-Class Class-agnostic Counting,ABC Easy as 123ï¼šä¸€ç§ç”¨äºæ— æ ·æœ¬å¤šç±»åˆ«ç±»æ— å…³è®¡æ•°çš„ç›²è®¡æ•°å™¨,2024,,,,,,,,,,
18,è‡ªåŠ¨é©¾é©¶ï¼›è§†è§‰é—®ç­”,DriveLM: Driving with Graph Visual Question Answering,DriveLMï¼šåŸºäºå›¾çš„é©¾é©¶è§†è§‰é—®ç­”,2024,,,,,,,,,,
19,åœºæ™¯å›¾ï¼›æ’åºç”Ÿæˆ,A Fair Ranking and New Model for Panoptic Scene Graph Generation,å…¨æ™¯åœºæ™¯å›¾ç”Ÿæˆçš„å…¬å¹³æ’åºä¸æ–°æ¨¡å‹,2024,,,,,,,,,,
20,é‡åŒ–ï¼›å‹ç¼©æˆåƒ,A Simple Low-bit Quantization Framework for Video Snapshot Compressive Imaging,ä¸€ç§ç”¨äºè§†é¢‘å¿«ç…§å‹ç¼©æˆåƒçš„ç®€å•ä½æ¯”ç‰¹é‡åŒ–æ¡†æ¶,2024,,,,,,,,,,
21,äº¤é€šç”Ÿæˆï¼›æ£€ç´¢å¢å¼º,RealGen: Retrieval Augmented Generation for Controllable Traffic Scenarios,RealGenï¼šç”¨äºå¯æ§äº¤é€šåœºæ™¯çš„æ£€ç´¢å¢å¼ºç”Ÿæˆ,2024,,,,,,,,,,
22,åœºæ™¯å›¾ï¼›å¼€æ”¾è¯æ±‡,Expanding Scene Graph Boundaries: Fully Open-vocabulary Scene Graph Generation via Visual-Concept Alignment and Retention,æ‰©å±•åœºæ™¯å›¾è¾¹ç•Œï¼šé€šè¿‡è§†è§‰-æ¦‚å¿µå¯¹é½ä¸ä¿æŒçš„å…¨å¼€æ”¾è¯æ±‡åœºæ™¯å›¾ç”Ÿæˆ,2024,,,,,,,,,,
23,åœ°å›¾æ„å»ºï¼›çŸ¢é‡åŒ–,Mask2Map: Vectorized HD Map Construction Using Bird's Eye View Segmentation Masks,Mask2Mapï¼šåˆ©ç”¨é¸Ÿç°åˆ†å‰²æ©ç çš„çŸ¢é‡é«˜æ¸…åœ°å›¾æ„å»º,2024,,,,,,,,,,
24,æ³¨è§†ï¼›è§£é‡Šç”Ÿæˆ,GazeXplain: Learning to Predict Natural Language Explanations of Visual Scanpaths,GazeXplainï¼šå­¦ä¹ é¢„æµ‹è§†è§‰æ‰«è§†è·¯å¾„çš„è‡ªç„¶è¯­è¨€è§£é‡Š,2024,,,,,,,,,,
25,è¯´è¯äººç”Ÿæˆï¼›æƒ…æ„Ÿå»ºæ¨¡,EDTalk: Efficient Disentanglement for Emotional Talking Head Synthesis,EDTalkï¼šç”¨äºæƒ…æ„Ÿè¯´è¯äººå¤´éƒ¨åˆæˆçš„é«˜æ•ˆ disentanglement æ–¹æ³•,2024,,,,,,,,,,
26,å…‰åº¦ç«‹ä½“ï¼›æ— å…‰è°±å…ˆéªŒ,Physics-Free Spectrally Multiplexed Photometric Stereo under Unknown Spectral Composition,æ— ç‰©ç†å…ˆéªŒçš„æœªçŸ¥å…‰è°±æˆåˆ†ä¸‹å…‰è°±å¤ç”¨å…‰åº¦ç«‹ä½“,2024,,,,,,,,,,
27,åå·®æ¶ˆé™¤ï¼›å…¬å¹³æ€§,Efficient Bias Mitigation Without Privileged Information,æ— éœ€ç‰¹æƒä¿¡æ¯çš„é«˜æ•ˆåå·®æ¶ˆé™¤,2024,,,,,,,,,,
28,ä¸‰ç»´äººä½“ï¼›çº¹ç†ç”Ÿæˆ,TexDreamer: Towards Zero-Shot High-Fidelity 3D Human Texture Generation,TexDreamerï¼šé¢å‘é›¶æ ·æœ¬é«˜ä¿çœŸä¸‰ç»´äººä½“çº¹ç†ç”Ÿæˆ,2024,,,,,,,,,,
29,æ‰©æ•£æ¨¡å‹ï¼›åäº‹å®,Fast Diffusion-Based Counterfactuals for Shortcut Removal and Generation,åŸºäºæ‰©æ•£çš„å¿«é€Ÿåäº‹å®ï¼šç”¨äºæ·å¾„å»é™¤ä¸ç”Ÿæˆ,2024,,,,,,,,,,
30,SLAMï¼›å»ºå›¾,COMO: Compact Mapping and Odometry,COMOï¼šç´§å‡‘å»ºå›¾ä¸é‡Œç¨‹è®¡,2024,,,,,,,,,,
31,å¤šè§†å›¾ç«‹ä½“ï¼›æ— ç›‘ç£,"Smoothness, Synthesis, and Sampling: Re-thinking Unsupervised Multi-View Stereo with DIV Loss",å¹³æ»‘æ€§ã€åˆæˆä¸é‡‡æ ·ï¼šåŸºäº DIV æŸå¤±çš„æ— ç›‘ç£å¤šè§†å›¾ç«‹ä½“æ–°æ€è€ƒ,2024,,,,,,,,,,
32,ä¸‰ç»´ç”Ÿæˆï¼›é«˜æ–¯æ¨¡å‹,LGM: Large Multi-View Gaussian Model for High-Resolution 3D Content Creation,LGMï¼šç”¨äºé«˜åˆ†è¾¨ç‡ä¸‰ç»´å†…å®¹ç”Ÿæˆçš„å¤§å‹å¤šè§†å›¾é«˜æ–¯æ¨¡å‹,2024,,,,,,,,,,
33,ç§»åŠ¨è§†è§‰ï¼›åˆ†ç±»æ¨¡å‹,MobileNetV4: Universal Models for the Mobile Ecosystem,MobileNetV4ï¼šç§»åŠ¨ç”Ÿæ€ç³»ç»Ÿçš„é€šç”¨æ¨¡å‹,2024,,,,,,,,,,
34,çº¹ç†ç”Ÿæˆï¼›å…‰ç…§æ§åˆ¶,FlashTex: Fast Relightable Mesh Texturing with LightControlNet,FlashTexï¼šç»“åˆ LightControlNet çš„å¿«é€Ÿå¯é‡å…‰ç…§ç½‘æ ¼çº¹ç†åŒ–,2024,,,,,,,,,,
35,å±€éƒ¨å­¦ä¹ ï¼›ç”Ÿç‰©å¯å‘,Momentum Auxiliary Network for Supervised Local Learning,ç”¨äºç›‘ç£å±€éƒ¨å­¦ä¹ çš„åŠ¨é‡è¾…åŠ©ç½‘ç»œ,2024,,,,,,,,,,
36,ä½å§¿ä¼°è®¡ï¼›ç¨€ç–è§†è§’,ADen: Adaptive Density Representations for Sparse-view Camera Pose Estimation,ADenï¼šç”¨äºç¨€ç–è§†è§’ç›¸æœºä½å§¿ä¼°è®¡çš„è‡ªé€‚åº”å¯†åº¦è¡¨ç¤º,2024,,,,,,,,,,
37,å®šä½ï¼›å…¨æ™¯åŒ¹é…,SPVLoc: Semantic Panoramic Viewport Matching for 6D Camera Localization in Unseen Environments,SPVLocï¼šç”¨äºæœªçŸ¥ç¯å¢ƒä¸­ 6D ç›¸æœºå®šä½çš„è¯­ä¹‰å…¨æ™¯è§†å£åŒ¹é…,2024,,,,,,,,,,
38,å›¾åƒè¯†åˆ«ï¼›å»åå·®,From Fake to Real: Pretraining on Balanced Synthetic Images to Prevent Spurious Correlations in Image Recognition,ä»å‡åˆ°çœŸï¼šåœ¨å¹³è¡¡åˆæˆå›¾åƒä¸Šé¢„è®­ç»ƒä»¥é˜²æ­¢å›¾åƒè¯†åˆ«ä¸­çš„ä¼ªç›¸å…³,2024,6,,,è®ºæ–‡æå‡ºäº†ä¸€ä¸ªä¸¤æ­¥è®­ç»ƒæµæ°´çº¿ From Fake to Real (FFR)ï¼Œé¦–å…ˆåœ¨ä¸€ä¸ªå¹³è¡¡çš„åˆæˆæ•°æ®é›†ä¸Šé¢„è®­ç»ƒæ¨¡å‹ä»¥å­¦ä¹ å¯¹å°‘æ•°ç¾¤ä½“ä¸åçš„ç‰¹å¾ï¼Œç„¶åå†åœ¨çœŸå®æ•°æ®ä¸Šå¾®è°ƒï¼Œä»è€Œå‡å°‘æ¨¡å‹å¯¹çœŸå®/åˆæˆæ ‡ç­¾ä¸åè§æ¡ä»¶ï¼ˆä¾‹å¦‚åœºæ™¯ã€èƒŒæ™¯ï¼‰ä¹‹é—´çš„è™šå‡å…³è”ã€‚,https://arxiv.org/pdf/2308.04553,https://github.com/mqraitem/From-Fake-to-Real?utm_source=chatgpt.com,2,,,
39,æ–‡æœ¬æ¸²æŸ“ï¼›æ‰©æ•£æ¨¡å‹,TextDiffuser-2: Unleashing the Power of Language Models for Text Rendering,TextDiffuser-2ï¼šé‡Šæ”¾è¯­è¨€æ¨¡å‹åœ¨æ–‡æœ¬æ¸²æŸ“ä¸­çš„èƒ½åŠ›,2024,98,,,è®ºæ–‡æå‡ºäº† TextDiffuserâ€‘2ï¼šUnleashing the Power of Language Models for Text Renderingï¼Œé€šè¿‡å°†å¤§è¯­è¨€æ¨¡å‹ (LLM) åº”ç”¨äºå¸ƒå±€è§„åˆ’ä¸æ–‡å†…æ–‡å­—ä½ç½®ã€æ–‡æœ¬å†…å®¹ç¼–ç ï¼Œä»è€Œæå‡æ‰©æ•£æ¨¡å‹åœ¨å›¾åƒä¸­æ–‡å­—æ¸²æŸ“çš„çµæ´»æ€§ã€è‡ªåŠ¨åŒ–å’Œæ ·å¼å¤šæ ·æ€§ã€‚,https://arxiv.org/pdf/2311.16465,https://github.com/microsoft/unilm/tree/master/textdiffuser-2?utm_source=chatgpt.com,"21800
(å¾®è½¯)",,,
40,æ•°æ®å¢å¼ºï¼›å®ä¾‹çº§,Dataset Enhancement with Instance-Level Augmentations,åŸºäºå®ä¾‹çº§å¢å¼ºçš„æ•°æ®é›†å¢å¼ºæ–¹æ³•,2024,18,,,è®ºæ–‡æå‡ºä¸€ç§â€œå®ä¾‹çº§å¢å¼ºâ€æ–¹æ³• â€”â€” åˆ©ç”¨æ¡ä»¶æ‰©æ•£æ¨¡å‹åœ¨å›¾åƒä¸­çš„æ¯ä¸ªå¯¹è±¡å®ä¾‹ï¼ˆè€Œéæ•´ä¸ªå›¾åƒï¼‰ä¸Šè¿›è¡Œâ€œé‡ç»˜â€ï¼ˆrepaintï¼‰ï¼Œé€šè¿‡ä¿ç•™å¯¹è±¡å½¢çŠ¶ã€åˆ©ç”¨è¾¹ç¼˜ä¸æ·±åº¦å›¾ä½œä¸ºæ§åˆ¶æ¡ä»¶ï¼Œä»¥ç”Ÿæˆé«˜å¤šæ ·æ€§ä¸”ä¸åŸåœºæ™¯è¯­å¢ƒä¸€è‡´çš„æ–°å›¾åƒï¼Œä»è€Œæ‰©å……æ£€æµ‹ã€åˆ†å‰²ã€æ˜¾è‘—æ€§ç›®æ ‡æ£€æµ‹æ•°æ®é›†å¹¶æå‡æ¨¡å‹çš„æ³›åŒ–èƒ½åŠ›ã€‚,https://arxiv.org/pdf/2406.08249,https://github.com/KupynOrest/instance_augmentation?utm_source=chatgpt.com,44,,,
41,å¤šç›¸æœºï¼›å‡ ä½•ä¼°è®¡,Six-Point Method for Multi-Camera Systems with Reduced Solution Space,å¤šç›¸æœºç³»ç»Ÿçš„å…­ç‚¹æ³•ï¼šå…·æœ‰ç¼©å‡è§£ç©ºé—´,2024,,,,,,,,,,
42,å¤šæ¨¡æ€ï¼›ç”ŸæˆåŠ©æ‰‹,LLMGA: Multimodal Large Language Model based Generation Assistant,LLMGAï¼šå¤šæ¨¡æ€å¤§è¯­è¨€æ¨¡å‹ç”ŸæˆåŠ©æ‰‹,2024,23,,,è®ºæ–‡æå‡ºäº† LLMGAï¼ˆMultimodal Large Language Model based Generation Assistantï¼‰ï¼Œé€šè¿‡å°†å¤šæ¨¡æ€å¤§è¯­è¨€æ¨¡å‹ï¼ˆMLLMï¼‰ä¸æ‰©æ•£æ¨¡å‹ï¼ˆå¦‚ Stable Diffusionï¼‰è”ç”¨ï¼Œè®©æ¨¡å‹ä¸ä»…ç”Ÿæˆå›ºå®šå°ºå¯¸çš„è§†è§‰åµŒå…¥æ§åˆ¶å›¾åƒç”Ÿæˆï¼Œè€Œæ˜¯ç”Ÿæˆè¯¦å°½çš„è‡ªç„¶è¯­è¨€æç¤ºä»¥ç²¾ç¡®å¼•å¯¼å›¾åƒç”Ÿæˆä¸ç¼–è¾‘ï¼Œä»è€Œæå‡ç”Ÿæˆè´¨é‡ã€ç»†èŠ‚ä¸°å¯Œåº¦ä¸å¯è§£é‡Šæ€§ã€‚,https://arxiv.org/pdf/2311.16500,https://github.com/dvlab-research/LLMGA?utm_source=chatgpt.com,396,,,
43,ä½å§¿ä¼°è®¡ï¼›åœºæ™¯é‡å»º,Scene Coordinate Reconstruction: Posing of Image Collections via Incremental Learning of a Relocalizer,åœºæ™¯åæ ‡é‡å»ºï¼šé€šè¿‡å¢é‡å­¦ä¹ é‡å®šä½å™¨å¯¹å›¾åƒé›†åˆè¿›è¡Œå®šå§¿,2024,,,,,,,,,,
44,æ‰©æ•£åŠ é€Ÿï¼›å›¾åƒç”Ÿæˆ,Accelerating Image Generation with Sub-path Linear Approximation Model,é€šè¿‡å­è·¯å¾„çº¿æ€§è¿‘ä¼¼æ¨¡å‹åŠ é€Ÿå›¾åƒç”Ÿæˆ,2024,,,,,,,,,,
45,æ¿€æ´»å‡½æ•°ï¼›æ¨¡å‹è®¾è®¡,Adaptive Parametric Activation,è‡ªé€‚åº”å‚æ•°åŒ–æ¿€æ´»å‡½æ•°,2024,,,,,,,,,,
46,ç›®æ ‡æ£€æµ‹ï¼›å…³ç³»å»ºæ¨¡,Relation DETR: Exploring Explicit Position Relation Prior for Object Detection,Relation DETRï¼šæ¢ç´¢ç”¨äºç›®æ ‡æ£€æµ‹çš„æ˜¾å¼ä½ç½®å…³ç³»å…ˆéªŒ,2024,,,,,,,,,,
47,å›¾åƒåŒ¹é…ï¼›ä¸‰ç»´çº¦æŸ,Grounding Image Matching in 3D with MASt3R,MASt3Rï¼šåœ¨ä¸‰ç»´ä¸­çº¦æŸå›¾åƒåŒ¹é…,2024,,,,,,,,,,
48,ä¸‰ç»´äººå¤´ï¼›ç”Ÿæˆ,SphereHead: Stable 3D Full-head Synthesis with Spherical Tri-plane Representation,SphereHeadï¼šåŸºäºçƒé¢ä¸‰å¹³é¢è¡¨ç¤ºçš„ç¨³å®šä¸‰ç»´å…¨å¤´ç”Ÿæˆ,2024,,,,,,,,,,
49,é¢„è®­ç»ƒï¼›å¤šè§†å›¾ç‰¹å¾,ConDense: Consistent 2D-3D Pre-training for Dense and Sparse Features from Multi-View Images,ConDenseï¼šæ¥è‡ªå¤šè§†å›¾å›¾åƒçš„ä¸€è‡´ 2D-3D é¢„è®­ç»ƒè‡´å¯†ä¸ç¨€ç–ç‰¹å¾,2024,,,,,,,,,,
50,ç›®æ ‡æ£€æµ‹ï¼›å®šå‘æ£€æµ‹,Projecting Points to Axes: Oriented Object Detection via Point-Axis Representation,å°†ç‚¹æŠ•å½±åˆ°è½´ï¼šåŸºäºç‚¹-è½´è¡¨ç¤ºçš„å®šå‘ç›®æ ‡æ£€æµ‹,2024,,,,,,,,,,
51,æ•°å­—äººï¼›é‡å»º,Bridging the Gap: Studio-like Avatar Creation from a Monocular Phone Capture,å¼¥åˆå·®è·ï¼šåŸºäºå•ç›®æ‰‹æœºæ•è·çš„å½±æ£šçº§æ•°å­—äººåˆ›å»º,2024,,,,,,,,,,
52,ä½å§¿ä¼°è®¡ï¼›åå°„,Correspondences of the Third Kind: Camera Pose Estimation from Object Reflection,ç¬¬ä¸‰ç±»å¯¹åº”ï¼šä»ç‰©ä½“åå°„ä¸­è¿›è¡Œç›¸æœºä½å§¿ä¼°è®¡,2024,,,,,,,,,,
53,ç›®æ ‡æ£€æµ‹ï¼›å¼€æ”¾è¯æ±‡,CLIFF: Continual Latent Diffusion for Open-Vocabulary Object Detection,CLIFFï¼šç”¨äºå¼€æ”¾è¯æ±‡ç›®æ ‡æ£€æµ‹çš„æŒç»­æ½œå˜é‡æ‰©æ•£,2024,,,,,,,,,,
54,AI é‰´åˆ«ï¼›æ£€æµ‹,Zero-Shot Detection of AI-Generated Images,é›¶æ ·æœ¬ AI ç”Ÿæˆå›¾åƒæ£€æµ‹,2024,42,,,è®ºæ–‡æå‡ºäº†ä¸€ç§ é›¶-æ ·æœ¬ç†µåŸºæ£€æµ‹å™¨ (ZED)ï¼Œç”¨äºåŒºåˆ†çœŸå®å›¾åƒä¸ç”±ç”Ÿæˆå¼æ¨¡å‹ (å¦‚ Stable Diffusionã€DALLÂ·Eã€Midjourney ç­‰) ç”Ÿæˆçš„å›¾åƒã€‚æ£€æµ‹å™¨ä»…ä¾èµ–äºçœŸå®å›¾åƒè®­ç»ƒï¼Œæ— éœ€åˆæˆæ•°æ®æˆ–å·²çŸ¥ç”Ÿæˆæ¨¡å‹ï¼›é€šè¿‡ä¼°è®¡å›¾åƒä¸­æ¯åƒç´ åœ¨å…¶ä¸Šä¸‹æ–‡ä¸‹çš„æ¦‚ç‡åˆ†å¸ƒï¼Œå¹¶æµ‹é‡è¯¥å›¾åƒç›¸å¯¹äºçœŸå®å›¾åƒåˆ†å¸ƒçš„â€œæ„å¤–åº¦â€ï¼Œå®ç°å¯¹ç”Ÿæˆå›¾åƒçš„è¯†åˆ«ã€‚,https://arxiv.org/pdf/2409.15875,https://github.com/grip-unina/ZED?utm_source=chatgpt.com,72,,,
55,ç›®æ ‡æ£€æµ‹ï¼›æ ¡å‡†,"On Calibration of Object Detectors: Pitfalls, Evaluation and Baselines",ç›®æ ‡æ£€æµ‹å™¨æ ¡å‡†ï¼šé™·é˜±ã€è¯„ä¼°ä¸åŸºçº¿,2024,,,,,,,,,,
56,ç›¸æœºæ ‡å®šï¼›å‡ ä½•,Camera Calibration using a Collimator System,åˆ©ç”¨å‡†ç›´ä»ªç³»ç»Ÿè¿›è¡Œç›¸æœºæ ‡å®š,2024,,,,,,,,,,
57,éŸ³é¢‘ç”Ÿæˆï¼›åŠ¨ä½œå£°éŸ³,Action2Sound: Ambient-Aware Generation of Action Sounds from Egocentric Videos,Action2Soundï¼šä»ç¬¬ä¸€è§†è§’è§†é¢‘ç”Ÿæˆç¯å¢ƒæ„ŸçŸ¥çš„åŠ¨ä½œå£°éŸ³,2024,,,,,,,,,,
58,ç‚¹äº‘åˆ†å‰²ï¼›è‡ªé€‚åº”,HGL: Hierarchical Geometry Learning for Test-time Adaptation in 3D Point Cloud Segmentation,HGLï¼šé¢å‘ä¸‰ç»´ç‚¹äº‘åˆ†å‰²æµ‹è¯•æ—¶è‡ªé€‚åº”çš„å±‚çº§å‡ ä½•å­¦ä¹ ,2024,,,,,,,,,,
59,åŠ¨ç‰©è¯†åˆ«ï¼›æ•°æ®é›†,PetFace: A Large-Scale Dataset and Benchmark for Animal Identification,PetFaceï¼šé¢å‘åŠ¨ç‰©è¯†åˆ«çš„å¤§è§„æ¨¡æ•°æ®é›†ä¸åŸºå‡†,2024,,,,,,,,,,
60,ç—…ç†ï¼›å¤šæ¨¡æ€åŸºå‡†,PathMMU: A Massive Multimodal Expert-Level Benchmark for Understanding and Reasoning in Pathology,PathMMUï¼šé¢å‘ç—…ç†ç†è§£ä¸æ¨ç†çš„è¶…å¤§å¤šæ¨¡æ€ä¸“å®¶çº§åŸºå‡†,2024,24,,,"è®ºæ–‡æå‡ºäº† PathMMUï¼Œä¸€ä¸ªä¸“ä¸ºç—…ç†å­¦ä¸­çš„å¤§è§„æ¨¡å¤šæ¨¡æ€ç†è§£ä¸æ¨ç†è®¾è®¡çš„ä¸“å®¶çº§åŸºå‡†æ•°æ®é›†ï¼ŒåŒ…å« 33,428 ä¸ªå¤šæ¨¡æ€å¤šé€‰é¢˜ã€24,067 å¼ å›¾åƒï¼Œé…æœ‰æ¯é¢˜çš„ç­”æ¡ˆè§£æï¼Œç”¨äºè¯„ä¼°å¤§å‹å¤šæ¨¡æ€æ¨¡å‹ï¼ˆLMMï¼‰åœ¨ç—…ç†å›¾åƒç†è§£ä¸æ¨ç†èƒ½åŠ›ä¸Šçš„è¡¨ç°ã€‚",https://arxiv.org/pdf/2401.16355,https://github.com/PathMMU-Benchmark/PathMMU?utm_source=chatgpt.com,27,,,
61,ä¿¡æ¯æ£€ç´¢ï¼›å¤šæ¨¡æ€,UniIR: Training and Benchmarking Universal Multimodal Information Retrievers,UniIRï¼šé€šç”¨å¤šæ¨¡æ€ä¿¡æ¯æ£€ç´¢å™¨çš„è®­ç»ƒä¸è¯„æµ‹,2024,111,,,è®ºæ–‡æå‡ºäº† UniIRï¼Œä¸€ä¸ªç»Ÿä¸€çš„ã€æŒ‡ä»¤é©±åŠ¨çš„å¤šæ¨¡æ€ä¿¡æ¯æ£€ç´¢å™¨ï¼Œèƒ½å¤Ÿå¤„ç† 8 ç§ä¸åŒç±»å‹çš„æ£€ç´¢ä»»åŠ¡ï¼ˆå¦‚å›¾åƒâ†’æ–‡æœ¬ã€æ–‡æœ¬ï¼‹å›¾åƒâ†’å›¾åƒç­‰ï¼‰ï¼Œå¹¶åœ¨å¤šä¸ªæ•°æ®é›†ä¸Šè”åˆè®­ç»ƒï¼Œä»è€Œæå‡æ£€ç´¢ç³»ç»Ÿé¢å¯¹å¤šæ ·åŒ–æŸ¥è¯¢ï¼å€™é€‰æ¨¡æ€ç»„åˆçš„æ³›åŒ–èƒ½åŠ›ã€‚,https://arxiv.org/pdf/2311.17136,https://github.com/TIGER-AI-Lab/UniIR?utm_source=chatgpt.com,168,,,
62,åŒ»å­¦è§†é¢‘ï¼›å»çƒŸé›¾,Self-Supervised Video Desmoking for Laparoscopic Surgery,ç”¨äºè…¹è…”é•œæ‰‹æœ¯çš„è‡ªç›‘ç£è§†é¢‘å»çƒŸé›¾,2024,,,,,,,,,,
63,ç‚¹äº‘ï¼›å¤šæ¨¡æ€ LLM,PointLLM: Empowering Large Language Models to Understand Point Clouds,PointLLMï¼šèµ‹äºˆå¤§è¯­è¨€æ¨¡å‹ç†è§£ç‚¹äº‘çš„èƒ½åŠ›,2024,,,,,,,,,,
64,åŒ»å­¦å½±åƒï¼›é‡å»º,CardiacNet: Learning to Reconstruct Abnormalities for Cardiac Disease Assessment from Echocardiogram Videos,CardiacNetï¼šé€šè¿‡å¼‚å¸¸é‡å»ºå­¦ä¹ å¿ƒè„è¶…å£°è§†é¢‘ä¸­çš„å¿ƒè„ç–¾ç—…è¯„ä¼°,2024,14,,,è®ºæ–‡æå‡ºäº† CardiacNet: Learning to Reconstruct Abnormalities for Cardiac Disease Assessment from Echocardiogram Videosï¼Œä¸€ç§åŸºäºé‡æ„çš„ç½‘ç»œï¼ˆCardiacNetï¼‰ï¼Œé€šè¿‡é‡æ„â€œæ­£å¸¸â‡„å¼‚å¸¸â€å¿ƒè„è¶…å£°ï¼ˆechocardiogramï¼‰è§†é¢‘æ¥å­¦ä¹ å±€éƒ¨ç»“æ„å’Œè¿åŠ¨å¼‚å¸¸ç‰¹å¾ï¼Œä»è€Œæå‡å¿ƒè„ç—…ï¼ˆå¦‚ PAH å’Œ ASDï¼‰è¯„ä¼°çš„æ€§èƒ½ã€‚,https://arxiv.org/pdf/2410.20769,https://github.com/xmed-lab/CardiacNet?utm_source=chatgpt.com,21,,,
65,ç‚¹äº‘ï¼›æ—‹è½¬ä¸å˜,RISurConv: Rotation Invariant Surface Attention-Augmented Convolutions for 3D Point Cloud Classification and Segmentation,RISurConvï¼šç”¨äºä¸‰ç»´ç‚¹äº‘åˆ†ç±»ä¸åˆ†å‰²çš„æ—‹è½¬ä¸å˜è¡¨é¢æ³¨æ„å·ç§¯,2024,,,,,,,,,,
66,æ•°æ®é›†ï¼›å‡ç¼©,Towards Model-Agnostic Dataset Condensation by Heterogeneous Models,èµ°å‘æ¨¡å‹æ— å…³çš„æ•°æ®é›†å‡ç¼©ï¼šåŸºäºå¼‚æ„æ¨¡å‹,2024,,,,,,,,,,
67,å›¾æ–‡æ¨¡å‹ï¼›æ–‡æœ¬è¯†åˆ«,Parrot Captions Teach CLIP to Spot Text,é¹¦é¹‰å¼å­—å¹•æ•™ä¼š CLIP è¯†åˆ«æ–‡æœ¬,2024,,,,,,,,,,
68,é‡Œç¨‹è®¡ï¼›å¤šæ¨¡æ€èåˆ,DVLO: Deep Visual-LiDAR Odometry with Local-to-Global Feature Fusion and Bi-Directional Structure Alignment,DVLOï¼šå…·æœ‰å±€éƒ¨åˆ°å…¨å±€ç‰¹å¾èåˆä¸åŒå‘ç»“æ„å¯¹é½çš„æ·±åº¦è§†è§‰-æ¿€å…‰é‡Œç¨‹è®¡,2024,,,,,,,,,,
69,MRIï¼›é‡å»º,Rethinking Deep Unrolled Model for Accelerated MRI Reconstruction,é‡æ–°å®¡è§†ç”¨äºåŠ é€Ÿ MRI é‡å»ºçš„æ·±åº¦å±•å¼€æ¨¡å‹,2024,10,,,"è®ºæ–‡æå‡ºäº†ä¸€ç§æ”¹è¿›çš„â€œæ·±åº¦å±•å¼€æ¨¡å‹ï¼ˆdeep unrolled model, DUMï¼‰â€ç”¨äºåŠ é€ŸMagnetic Resonance Imagingï¼ˆMRIï¼‰é‡å»ºï¼Œé€šè¿‡ä¼˜åŒ–æ¢¯åº¦æµä¸å¤šçº¿åœˆæ•æ„Ÿå›¾ä¼°è®¡ç­–ç•¥ï¼Œå®ç°æ¯”ä¼ ç»Ÿ DUM æ›´ä½çš„æ˜¾å­˜æ¶ˆè€—åŠæ›´å¿«çš„è¿­ä»£æ”¶æ•›ã€‚",https://drive.google.com/file/d/1urh--DH2OSO5KuOrwj2vUqDje_hxUhfk/view?pli=1,https://github.com/hellopipu/PromptMR-plus?utm_source=chatgpt.com,26,,,
70,åŒ»å­¦é…å‡†ï¼›æ— ç›‘ç£,Adaptive Correspondence Scoring for Unsupervised Medical Image Registration,ç”¨äºæ— ç›‘ç£åŒ»å­¦å›¾åƒé…å‡†çš„è‡ªé€‚åº”å¯¹åº”è¯„åˆ†,2024,,,,,,,,,,
71,ä¸‰ç»´å…³é”®ç‚¹ï¼›æ£€æµ‹,KeypointDETR: An End-to-End 3D Keypoint Detector,KeypointDETRï¼šç«¯åˆ°ç«¯ä¸‰ç»´å…³é”®ç‚¹æ£€æµ‹å™¨,2024,,,,,,,,,,
72,å›¾åƒè´¨é‡ï¼›æ¯”è¾ƒ,Towards Open-ended Visual Quality Comparison,é¢å‘å¼€æ”¾å¼è§†è§‰è´¨é‡æ¯”è¾ƒçš„å†æ€è€ƒ,2024,,,,,,,,,,
73,ç»†èƒè¯†åˆ«ï¼›åŸŸè‡ªé€‚åº”,Revisiting Adaptive Cellular Recognition Under Domain Shifts: A Contextual Correspondence View,åœ¨é¢†åŸŸåç§»ä¸‹é‡æ–°å®¡è§†è‡ªé€‚åº”ç»†èƒè¯†åˆ«ï¼šä¸€ç§ä¸Šä¸‹æ–‡å¯¹åº”è§†è§’,2024,,,,,,,,,,
74,è½¦è¾†è·Ÿè¸ªï¼›èˆªæ‹,VETRA: A Dataset for Vehicle Tracking in Aerial Imagery - New Challenges for Multi-Object Tracking,VETRAï¼šé¢å‘èˆªæ‹è½¦è¾†è·Ÿè¸ªçš„æ•°æ®é›†â€”â€”å¤šç›®æ ‡è·Ÿè¸ªçš„æ–°æŒ‘æˆ˜,2024,,,,,,,,,,
75,LiDARï¼›é²æ£’åˆ†å‰²,Rethinking Data Augmentation for Robust LiDAR Semantic Segmentation in Adverse Weather,é‡æ–°æ€è€ƒæ¶åŠ£å¤©æ°”ä¸‹é²æ£’ LiDAR è¯­ä¹‰åˆ†å‰²çš„æ•°æ®å¢å¼º,2024,,,,,,,,,,
76,åŒ»å­¦æˆåƒï¼›ä¸‰ç»´é¢„æµ‹,SparseSSP: 3D Subcellular Structure Prediction from Sparse-View Transmitted Light Images,SparseSSPï¼šä»ç¨€ç–è§†è§’é€å°„å…‰å›¾åƒé¢„æµ‹ä¸‰ç»´äºšç»†èƒç»“æ„,2024,,,,,,,,,,
77,æ˜†è™«è¯†åˆ«ï¼›æ•°æ®é›†,Insect Identification in the Wild: The AMI Dataset,é‡å¤–æ˜†è™«è¯†åˆ«ï¼šAMI æ•°æ®é›†,2024,,,,,,,,,,
78,LiDARï¼›è¯­ä¹‰åˆ†å‰²,RAPiD-Seg: Range-Aware Pointwise Distance Distribution Networks for 3D LiDAR Segmentation,RAPiD-Segï¼šé¢å‘ä¸‰ç»´ LiDAR åˆ†å‰²çš„è·ç¦»æ„ŸçŸ¥ç‚¹è·ç¦»åˆ†å¸ƒç½‘ç»œ,2024,,,,,,,,,,
79,æµ·æ´‹å›¾åƒï¼›åŸºç¡€æ¨¡å‹,MarineInst: A Foundation Model for Marine Image Analysis with Instance Visual Description,MarineInstï¼šå¸¦å®ä¾‹è§†è§‰æè¿°çš„æµ·æ´‹å›¾åƒåˆ†æåŸºç¡€æ¨¡å‹,2024,,,,,,,,,,
80,ç‚¹äº‘é…å‡†ï¼›ç­‰å˜,Equi-GSPR: Equivariant SE(3) Graph Network Model for Sparse Point Cloud Registration,Equi-GSPRï¼šç”¨äºç¨€ç–ç‚¹äº‘é…å‡†çš„ç­‰å˜ SE(3) å›¾ç½‘ç»œæ¨¡å‹,2024,,,,,,,,,,
81,ç—…ç†ï¼›è§†è§‰è¯­è¨€,Knowledge-enhanced Visual-Language Pretraining for Computational Pathology,ç”¨äºè®¡ç®—ç—…ç†çš„çŸ¥è¯†å¢å¼ºè§†è§‰-è¯­è¨€é¢„è®­ç»ƒ,2024,22,,,"è®ºæ–‡æå‡ºäº†ä¸€ä¸ªç”¨äºç—…ç†å­¦çš„çŸ¥è¯†å¢å¼ºè§†è§‰â€“è¯­è¨€é¢„è®­ç»ƒæ¡†æ¶ï¼Œè¯¥æ¡†æ¶é¦–å…ˆæ„å»ºåŒ…å« 50,470 ä¸ªå±æ€§ã€4,718 ä¸ªä½ç—…/è¯Šæ–­å®ä½“çš„ç»“æ„åŒ–ç—…ç†çŸ¥è¯†æ ‘ï¼ˆè¦†ç›– 32 ç§ç»„ç»‡ç±»å‹ï¼‰ï¼Œç„¶åé€šè¿‡å°†è¯¥çŸ¥è¯†ç¼–ç ä¸ºåµŒå…¥å‘é‡ï¼Œå¼•å…¥è§†è§‰â€“è¯­è¨€å¯¹é½é¢„è®­ç»ƒï¼Œä»è€Œæå‡æ¨¡å‹åœ¨ç—…ç†å›¾åƒ-æ–‡æœ¬æ£€ç´¢ã€é›¶æ ·æœ¬åˆ†ç±»ï¼ˆpatch çº§åˆ«ï¼‰åŠ WSI æ•´å¼ åˆ‡ç‰‡è‚¿ç˜¤äºšå‹è¯†åˆ«ä»»åŠ¡ä¸Šçš„æ€§èƒ½ã€‚",https://arxiv.org/pdf/2404.09942,https://github.com/MAGIC-AI4Med/KEP?utm_source=chatgpt.com,45,,,
82,æ–°è§†è§’åˆæˆï¼›åŠ¨æ€åœºæ™¯,Generative Camera Dolly: Extreme Monocular Dynamic Novel View Synthesis,ç”Ÿæˆå¼æ‘„åƒæœºæ‘‡é•œï¼šæç«¯å•ç›®åŠ¨æ€æ–°è§†å›¾åˆæˆ,2024,,,,,,,,,,
83,æ‰‹éƒ¨ç”Ÿæˆï¼›å¯æ§ç”Ÿæˆ,AttentionHand: Text-driven Controllable Hand Image Generation for 3D Hand Reconstruction in the Wild,AttentionHandï¼šé¢å‘é‡å¤–ä¸‰ç»´æ‰‹éƒ¨é‡å»ºçš„æ–‡æœ¬é©±åŠ¨å¯æ§æ‰‹éƒ¨å›¾åƒç”Ÿæˆ,2024,,,,,,,,,,
84,åŠ¨ä½œç”Ÿæˆï¼›æŒ‡ä»¤è°ƒä¼˜,LEGO: Learning EGOcentric Action Frame Generation via Visual Instruction Tuning,LEGOï¼šé€šè¿‡è§†è§‰æŒ‡ä»¤å¾®è°ƒå­¦ä¹ ç¬¬ä¸€è§†è§’åŠ¨ä½œå¸§ç”Ÿæˆ,2024,,,,,,,,,,
85,è§†è§‰æ¨¡å‹ï¼›åŸºç¡€æ¨¡å‹,Sapiens: Foundation for Human Vision Models,Sapiensï¼šé¢å‘äººç±»è§†è§‰æ¨¡å‹çš„åŸºç¡€æ¨¡å‹,2024,165,,,è®ºæ–‡æå‡ºäº† Sapiens â€” ä¸€ä¸ªä¸“é—¨é¢å‘äººä¸äººä½“è§†è§‰ä»»åŠ¡çš„åŸºç¡€æ¨¡å‹å®¶æ—ï¼Œé¢„è®­ç»ƒäº 3 äº¿+ åœ¨é‡äººç±»å›¾åƒä¸Šï¼Œå¹¶åœ¨ 2D å…³é”®ç‚¹å§¿æ€ä¼°è®¡ã€äººä½“éƒ¨ä»¶åˆ†å‰²ã€æ·±åº¦ä¼°è®¡ã€è¡¨é¢æ³•çº¿é¢„æµ‹è¿™å››å¤§ä»»åŠ¡ä¸Šå±•ç°å‡ºç»Ÿä¸€æ¨¡å‹ã€1K é«˜åˆ†è¾¨ç‡åŸç”Ÿæ”¯æŒã€æ˜¾è‘—è¶…è¶Šä¹‹å‰åŸºçº¿çš„èƒ½åŠ›ã€‚,https://arxiv.org/pdf/2408.12569?,https://github.com/facebookresearch/sapiens?utm_source=chatgpt.com,5200,,,
86,ä¸‰ç»´åœºï¼›å¯ç¼–è¾‘,Gaussian Frosting: Editable Complex Radiance Fields with Real-Time Rendering,Gaussian Frostingï¼šå…·æœ‰å®æ—¶æ¸²æŸ“çš„å¯ç¼–è¾‘å¤æ‚è¾å°„åœº,2024,,,,,,,,,,
87,ä¸‰ç»´ç”Ÿæˆï¼›å¤šè§†å›¾,SV3D: Novel Multi-view Synthesis and 3D Generation from a Single Image using Latent Video Diffusion,SV3Dï¼šåˆ©ç”¨æ½œå˜é‡è§†é¢‘æ‰©æ•£ä»å•å¼ å›¾åƒè¿›è¡Œæ–°å¤šè§†å›¾åˆæˆä¸ä¸‰ç»´ç”Ÿæˆ,2024,,,,,,,,,,
88,è§†é¢‘è¡¨ç¤ºï¼›å‹ç¼©,Efficient Neural Video Representation with Temporally Coherent Modulation,å…·æ—¶é—´ä¸€è‡´æ€§è°ƒåˆ¶çš„é«˜æ•ˆç¥ç»è§†é¢‘è¡¨ç¤º,2024,,,,,,,,,,
89,åŠ¨ä½œé€‚åº”ï¼›æ‰©æ•£,POET: Prompt Offset Tuning for Continual Human Action Adaptation,POETï¼šç”¨äºæŒç»­äººä½“åŠ¨ä½œé€‚åº”çš„æç¤ºåç§»å¾®è°ƒ,2024,,,,,,,,,,
90,ä¸‰ç»´ï¼›æŠ—æ··å ,Analytic-Splatting: Anti-Aliased 3D Gaussian Splatting via Analytic Integration,Analytic-Splattingï¼šé€šè¿‡è§£æç§¯åˆ†å®ç°æŠ—æ··å ä¸‰ç»´é«˜æ–¯æ³¼æ´’,2024,,,,,,,,,,
91,è§†é¢‘æ’å€¼ï¼›é€Ÿåº¦æ¨¡ç³Š,"Clearer Frames, Anytime: Resolving Velocity Ambiguity in Video Frame Interpolation",ä»»ä½•æ—¶å€™æ›´æ¸…æ™°çš„å¸§ï¼šè§£å†³è§†é¢‘å¸§æ’å€¼ä¸­çš„é€Ÿåº¦æ¨¡ç³Š,2024,,,,,,,,,,
92,å§¿æ€ä¼°è®¡ï¼›ç±»æ— å…³,Harnessing Text-to-Image Diffusion Models for Category-Agnostic Pose Estimation,åˆ©ç”¨æ–‡æœ¬åˆ°å›¾åƒæ‰©æ•£æ¨¡å‹è¿›è¡Œç±»æ— å…³å§¿æ€ä¼°è®¡,2024,,,,,,,,,,
93,NeRFï¼›ä¸»åŠ¨è§†å›¾é€‰æ‹©,FisherRF: Active View Selection and Mapping with Radiance Fields using Fisher Information,FisherRFï¼šåŸºäºè¾å°„åœºä¸è´¹èˆå°”ä¿¡æ¯çš„ä¸»åŠ¨è§†å›¾é€‰æ‹©ä¸å»ºå›¾,2024,,,,,,,,,,
94,è§†é¢‘ç¼–è¾‘ï¼›æ‰©æ•£,Video Editing via Factorized Diffusion Distillation,é€šè¿‡å› å­åŒ–æ‰©æ•£è’¸é¦è¿›è¡Œè§†é¢‘ç¼–è¾‘,2024,,,,,,,,,,
95,æŠ“å–ï¼›è¯­ä¹‰å»ºæ¨¡,SemGrasp: Semantic Grasp Generation via Language Aligned Discretization,SemGraspï¼šé€šè¿‡è¯­è¨€å¯¹é½ç¦»æ•£åŒ–çš„è¯­ä¹‰æŠ“å–ç”Ÿæˆ,2024,,,,,,,,,,
96,è¾å°„åœºï¼›æ¢å¤,RaFE: Generative Radiance Fields Restoration,RaFEï¼šç”Ÿæˆå¼è¾å°„åœºæ¢å¤,2024,,,,,,,,,,
97,é¢éƒ¨ç”Ÿæˆï¼›éŸ³ç”»åŒæ­¥,ReSyncer: Rewiring Style-based Generator for Unified Audio-Visually Synced Facial Performer,ReSyncerï¼šé‡æ„é£æ ¼ç”Ÿæˆå™¨å®ç°ç»Ÿä¸€çš„éŸ³ç”»åŒæ­¥é¢éƒ¨æ€§èƒ½ç”Ÿæˆ,2024,,,,,,,,,,
98,å›¾åƒç¼–è¾‘ï¼›æ–‡æœ¬é©±åŠ¨,Watch Your Steps: Local Image and Scene Editing by Text Instructions,Watch Your Stepsï¼šåŸºäºæ–‡æœ¬æŒ‡ä»¤çš„å±€éƒ¨å›¾åƒä¸åœºæ™¯ç¼–è¾‘,2024,,,,,,,,,,
99,æœºå™¨äººï¼›æŠ“å–ç”Ÿæˆ,UGG: Unified Generative Grasping,UGGï¼šç»Ÿä¸€ç”Ÿæˆå¼æŠ“å–,2024,,,,,,,,,,
100,è§’è‰²åŠ¨ç”»ï¼›éŸ³ç”»åŒæ­¥,Audio-Synchronized Visual Animation,éŸ³é¢‘åŒæ­¥çš„è§†è§‰åŠ¨ç”»,2024,,,,,,,,,,
101,ä¸‰ç»´é‡å»ºï¼›é«˜æ–¯æ³¼æ´’,MVSplat: Efficient 3D Gaussian Splatting from Sparse Multi-View Images,MVSplatï¼šä»ç¨€ç–å¤šè§†å›¾å›¾åƒè¿›è¡Œé«˜æ•ˆä¸‰ç»´é«˜æ–¯æ³¼æ´’,2024,,,,,,,,,,
102,æ‰‹ç‰©æ¥è§¦ï¼›å»ºæ¨¡,NL2Contact: Natural Language Guided 3D Hand-Object Contact Modeling with Diffusion Model,NL2Contactï¼šåŸºäºæ‰©æ•£æ¨¡å‹çš„è‡ªç„¶è¯­è¨€æŒ‡å¯¼ä¸‰ç»´æ‰‹-ç‰©æ¥è§¦å»ºæ¨¡,2024,,,,,,,,,,
103,å¯ä¾›æ€§ï¼›ä¸‰ç»´åˆ†æ,Beyond the Contact: Discovering Comprehensive Affordance for 3D Objects from Pre-trained 2D Diffusion Models,Beyond the Contactï¼šä»é¢„è®­ç»ƒäºŒç»´æ‰©æ•£æ¨¡å‹ä¸­æŒ–æ˜ä¸‰ç»´ç‰©ä½“çš„å…¨é¢å¯ä¾›æ€§,2024,,,,,,,,,,
104,ä¸‰ç»´å›¾å½¢ï¼›é²æ£’,RPBG: Towards Robust Neural Point-based Graphics in the Wild,RPBGï¼šèµ°å‘é‡å¤–ç¯å¢ƒé²æ£’çš„ç¥ç»ç‚¹åŸºå›¾å½¢,2024,,,,,,,,,,
105,è§†é¢‘åŠ¨ç”»ï¼›æ‰©æ•£,DynamiCrafter: Animating Open-domain Images with Video Diffusion Priors,DynamiCrafterï¼šåˆ©ç”¨è§†é¢‘æ‰©æ•£å…ˆéªŒä¸ºå¼€æ”¾åŸŸå›¾åƒèµ‹äºˆåŠ¨ç”»,2024,,,,,,,,,,
106,è§†é¢‘ç”Ÿæˆï¼›è¿åŠ¨ç¼–è¾‘,MotionDirector: Motion Customization of Text-to-Video Diffusion Models,MotionDirectorï¼šæ–‡æœ¬åˆ°è§†é¢‘æ‰©æ•£æ¨¡å‹çš„è¿åŠ¨å®šåˆ¶,2024,,,,,,,,,,
107,NeRFï¼›åœºæ™¯é‡å»º,Omni-Recon: Harnessing Image-based Rendering for General-Purpose Neural Radiance Fields,Omni-Reconï¼šåˆ©ç”¨åŸºäºå›¾åƒæ¸²æŸ“çš„é€šç”¨ç¥ç»è¾å°„åœºé‡å»º,2024,,,,,,,,,,
108,åŠ¨ä½œæ•æ‰ï¼›é²æ£’,LiveHPS++: Robust and Coherent Motion Capture in Dynamic Free Environment,LiveHPS++ï¼šåŠ¨æ€è‡ªç”±ç¯å¢ƒä¸­çš„é²æ£’ä¸”è¿è´¯çš„åŠ¨ä½œæ•æ‰,2024,,,,,,,,,,
109,ä¸‰ç»´ GANï¼›æ— å§¿è®­ç»ƒ,Learning 3D-aware GANs from Unposed Images with Template Feature Field,ä»æ— ä½å§¿å›¾åƒä¸­å­¦ä¹ ä¸‰ç»´æ„ŸçŸ¥ GANï¼šåŸºäºæ¨¡æ¿ç‰¹å¾åœº,2024,,,,,,,,,,
110,é•¿åŠ¨ç”»ï¼›é›¶æ ·æœ¬,ZoLA: Zero-Shot Creative Long Animation Generation with Short Video Model,ZoLAï¼šåˆ©ç”¨çŸ­è§†é¢‘æ¨¡å‹çš„é›¶æ ·æœ¬åˆ›æ„é•¿åŠ¨ç”»ç”Ÿæˆ,2024,,,,,,,,,,
111,äººæœºäº¤äº’ï¼›ç”Ÿæˆ,Controllable Human-Object Interaction Synthesis,å¯æ§çš„äºº-ç‰©äº¤äº’åˆæˆ,2024,,,,,,,,,,
112,åŠ¨ä½œé¢„æµ‹ï¼›éšå¼è¡¨ç¤º,NeRMo: Learning Implicit Neural Representations for 3D Human Motion Prediction,NeRMoï¼šç”¨äºä¸‰ç»´äººä½“åŠ¨ä½œé¢„æµ‹çš„éšå¼ç¥ç»è¡¨ç¤ºå­¦ä¹ ,2024,,,,,,,,,,
113,è§†é¢‘é‡å»ºï¼›äº‹ä»¶ç›¸æœº,Temporal Residual Guided Diffusion Framework for Event-Driven Video Reconstruction,é¢å‘äº‹ä»¶é©±åŠ¨è§†é¢‘é‡å»ºçš„æ—¶é—´æ®‹å·®å¼•å¯¼æ‰©æ•£æ¡†æ¶,2024,,,,,,,,,,
114,é«˜æ–¯æ³¼æ´’ï¼›å¤šèº«ä»½,MIGS: Multi-Identity Gaussian Splatting via Tensor Decomposition,MIGSï¼šé€šè¿‡å¼ é‡åˆ†è§£çš„å¤šèº«ä»½é«˜æ–¯æ³¼æ´’,2024,,,,,,,,,,
115,é‡å­è®¡ç®—ï¼›æ‹Ÿåˆ,Robust Fitting on a Gate Quantum Computer,åœ¨é‡å­é—¨è®¡ç®—æœºä¸Šçš„é²æ£’æ‹Ÿåˆ,2024,,,,,,,,,,
116,è§†é¢‘è¯­è¨€ï¼›å¯¹é½,PiTe: Pixel-Temporal Alignment for Large Video-Language Model,PiTeï¼šé¢å‘å¤§è§„æ¨¡è§†é¢‘-è¯­è¨€æ¨¡å‹çš„åƒç´ -æ—¶é—´å¯¹é½,2024,,,,,,,,,,
117,éƒ¨ä»¶åˆ†å‰²ï¼›å¼±ç›‘ç£,WPS-SAM: Towards Weakly-Supervised Part Segmentation with Foundation Models,WPS-SAMï¼šåˆ©ç”¨åŸºç¡€æ¨¡å‹çš„å¼±ç›‘ç£éƒ¨ä»¶åˆ†å‰²,2024,9,,,è®ºæ–‡æå‡ºäº† WPSâ€‘SAM â€” ä¸€ç§åŸºäº Segment Anything Model (SAM) çš„å¼±ç›‘ç£éƒ¨ä»¶åˆ†å‰²æ¡†æ¶ï¼Œåœ¨ä»…ä½¿ç”¨ç‚¹æˆ–æ¡†è¿™ç§å¼±æ ‡æ³¨çš„æƒ…å†µä¸‹ï¼Œåˆ©ç”¨é¢„è®­ç»ƒåŸºç¡€æ¨¡å‹æŠ½å–æç¤º (prompt) token æ¥ç”Ÿæˆåƒç´ çº§çš„éƒ¨ä»¶æ©ç ï¼Œæœ‰æ•ˆæå‡ç‰©ä½“éƒ¨ä»¶åˆ†å‰²ä»»åŠ¡çš„æ€§èƒ½ã€‚,https://arxiv.org/pdf/2407.10131,https://github.com/xjwu1024/WPS-SAM?utm_source=chatgpt.com,12,,,
118,è§†å›¾ç”Ÿæˆï¼›åœ°ç†åœºæ™¯,Geospecific View Generation - Geometry-Context Aware High-resolution Ground View Inference from Satellite Views,åœ°ç†ç‰¹å®šè§†å›¾ç”Ÿæˆï¼šä»å«æ˜Ÿè§†å›¾åˆ°å‡ ä½•-ä¸Šä¸‹æ–‡æ„ŸçŸ¥çš„é«˜åˆ†è¾¨ç‡åœ°é¢è§†å›¾æ¨æ–­,2024,,,,,,,,,,
119,åˆ†å‰²ï¼›å°æ ·æœ¬æ‰©æ•£,AlignDiff: Aligning Diffusion Models for General Few-Shot Segmentation,AlignDiffï¼šé¢å‘é€šç”¨å°æ ·æœ¬åˆ†å‰²çš„æ‰©æ•£æ¨¡å‹å¯¹é½,2024,5,,,è®ºæ–‡æå‡ºäº† AlignDiff: Aligning Diffusion Models for General Fewâ€‘Shot Segmentationï¼Œä¸€ç§é€šç”¨æ¡†æ¶ï¼Œåˆ©ç”¨é¢„è®­ç»ƒçš„æ–‡æœ¬-å›¾åƒæ‰©æ•£æ¨¡å‹ç”Ÿæˆå°‘æ ·æœ¬ï¼ˆfew-shotï¼‰è¯­ä¹‰åˆ†å‰²ä»»åŠ¡æ‰€éœ€çš„è®­ç»ƒå›¾åƒåŠå…¶åƒç´ çº§æ ‡æ³¨ã€‚è¯¥æ–¹æ³•é€šè¿‡è§£å†³â€œå®ä¾‹çº§â€ä¸â€œæ ‡æ³¨çº§â€ä¸¤å¤§é”™é…é—®é¢˜ï¼Œå°†å°‘é‡çœŸå®æ ·æœ¬ç”¨äºå¼•å¯¼åˆæˆè¿‡ç¨‹ï¼Œä»è€Œæ˜¾è‘—æå‡æ–°ç±»åˆ«ï¼ˆå°¤å…¶æ˜¯ç¨€æœ‰ç±»åˆ«ï¼‰ä¸Šçš„ IoU è¡¨ç°ã€‚,https://openreview.net/pdf?id=8nz6xYntfJ,https://github.com/RogerQi/AlignDiff?utm_source=chatgpt.com,7,,,
120,è‡ªç›‘ç£ï¼›å§¿æ€å­¦ä¹ ,Pose-Aware Self-Supervised Learning with Viewpoint Trajectory Regularization,å…·æœ‰è§†è§’è½¨è¿¹æ­£åˆ™çš„å§¿æ€æ„ŸçŸ¥è‡ªç›‘ç£å­¦ä¹ ,2024,,,,,,,,,,
121,æŠ“å–ï¼›è¯­è¨€é©±åŠ¨,Language-Driven 6-DoF Grasp Detection Using Negative Prompt Guidance,åˆ©ç”¨è´Ÿæç¤ºå¼•å¯¼çš„è¯­è¨€é©±åŠ¨ 6-DoF æŠ“å–æ£€æµ‹,2024,,,,,,,,,,
122,å›¾æ–‡æ¨¡å‹ï¼›å±‚çº§ç»“æ„,Emergent Visual-Semantic Hierarchies in Image-Text Representations,å›¾æ–‡è¡¨ç¤ºä¸­çš„æ¶Œç°è§†è§‰-è¯­ä¹‰å±‚çº§ç»“æ„,2024,,,,,,,,,,
123,SAMï¼›å°æ ·æœ¬è°ƒä¼˜,CAT-SAM: Conditional Tuning for Few-Shot Adaptation of Segment Anything Model,CAT-SAMï¼šSegment Anything æ¨¡å‹çš„å°æ ·æœ¬æ¡ä»¶è°ƒä¼˜,2024,24,,,è®ºæ–‡æå‡ºäº† SAM çš„è½»é‡çº§é€‚é…æ–¹æ³• CATâ€‘SAMï¼ˆConditional Tuning for Few-Shot Adaptation of Segment Anything Modelï¼‰ï¼Œé€šè¿‡åœ¨å†»ç»“çš„ SAM åŸºç¡€ä¸Šå¢åŠ â€œæç¤ºæ¡¥â€ï¼ˆprompt bridgeï¼‰ç»“æ„ï¼ŒåŒæ—¶å¯¹å…¶å›¾åƒç¼–ç å™¨å’Œæ©ç è§£ç å™¨è¿›è¡Œå°‘é‡å¯å­¦ä¹ å‚æ•°å¾®è°ƒï¼Œæ—¨åœ¨è®© SAM åœ¨ä»…ç”¨å°‘é‡ï¼ˆ 1-shot åˆ° 16-shotï¼‰æ ‡æ³¨æ•°æ®çš„æƒ…å†µä¸‹é€‚åº”åŒ…æ‹¬èˆªç©ºã€åŒ»ç–—ã€é RGB ç­‰åœ¨å†…çš„éå¸¸è§„å›¾åƒåŸŸï¼Œä»è€Œå¤§å¹…æå‡å…¶åˆ†å‰²æ€§èƒ½ã€‚,https://arxiv.org/pdf/2402.03631,https://github.com/weihao1115/cat-sam?utm_source=chatgpt.com,135,,,
124,åˆ†å‰²ï¼›å¼€æ”¾è¯æ±‡,Collaborative Vision-Text Representation Optimizing for Open-Vocabulary Segmentation,ç”¨äºå¼€æ”¾è¯æ±‡åˆ†å‰²çš„ååŒè§†è§‰-æ–‡æœ¬è¡¨ç¤ºä¼˜åŒ–,2024,,,,,,,,,,
125,æ“ä½œå­¦ä¹ ï¼›äº’ä¿¡æ¯,MaxMI: A Maximal Mutual Information Criterion for Manipulation Concept Discovery,MaxMIï¼šç”¨äºæ“ä½œæ¦‚å¿µå‘ç°çš„æœ€å¤§äº’ä¿¡æ¯å‡†åˆ™,2024,,,,,,,,,,
126,å¤šæ¨¡æ€ç”Ÿæˆï¼›èƒ½é‡æ¨¡å‹,Learning Multimodal Latent Generative Models with Energy-Based Prior,å¸¦èƒ½é‡å…ˆéªŒçš„å¤šæ¨¡æ€æ½œç”Ÿæˆæ¨¡å‹å­¦ä¹ ,2024,,,,,,,,,,
127,åŸŸè‡ªé€‚åº”ï¼›è¯­ä¹‰åˆ†å‰²,Efficient Active Domain Adaptation for Semantic Segmentation by Selecting Information-rich Superpixels,é€šè¿‡é€‰æ‹©ä¿¡æ¯ä¸°å¯Œè¶…åƒç´ çš„é«˜æ•ˆä¸»åŠ¨åŸŸè‡ªé€‚åº”è¯­ä¹‰åˆ†å‰²,2024,,,,,,,,,,
128,è‡ªç›‘ç£ï¼›å¤šæ¨¡æ€,Decoupling Common and Unique Representations for Multimodal Self-supervised Learning,å¤šæ¨¡æ€è‡ªç›‘ç£å­¦ä¹ ä¸­å…±æ€§ä¸ç‰¹æœ‰è¡¨ç¤ºçš„è§£è€¦,2024,41,,,è®ºæ–‡æå‡ºäº† Decoupling Common and Unique Representations for Multimodal Selfâ€‘supervised Learningï¼ˆDeCURï¼‰ï¼Œä¸€ç§å¤šæ¨¡æ€è‡ªç›‘ç£å­¦ä¹ æ–¹æ³•ï¼Œé€šè¿‡å°†æ¨¡æ€é—´çš„â€œå…±é€šè¡¨ç¤ºâ€ï¼ˆcommon representationsï¼‰å’Œâ€œæ¨¡æ€ä¸“æœ‰è¡¨ç¤ºâ€ï¼ˆunique representationsï¼‰æ˜¾å¼åˆ†å¼€ï¼Œå¹¶åˆ†åˆ«è¿›è¡Œè·¨æ¨¡æ€å’Œæ¨¡æ€å†…çš„å†—ä½™çº¦å‡ï¼Œä»è€ŒåŒæ—¶ä¿ç•™æ¨¡æ€å…±æœ‰ä¿¡æ¯ä¸æ¨¡æ€ç‰¹æœ‰ä¿¡æ¯ï¼Œæé«˜å¤šæ¨¡æ€è¡¨å¾çš„æ³›åŒ–èƒ½åŠ›ã€‚,https://arxiv.org/pdf/2309.05300,https://github.com/zhu-xlab/DeCUR?utm_source=chatgpt.com,70,,,
129,å¤šæ™ºèƒ½ä½“ï¼›ååŒæ„ŸçŸ¥,Align before Collaborate: Mitigating Feature Misalignment for Robust Multi-Agent Perception,ååŒä¹‹å‰å…ˆå¯¹é½ï¼šç¼“è§£å¤šæ™ºèƒ½ä½“æ„ŸçŸ¥ä¸­çš„ç‰¹å¾å¤±é…,2024,,,,,,,,,,
130,è§†é¢‘åˆ†å‰²ï¼›åŠ¨ä½œæç¤º,ActionVOS: Actions as Prompts for Video Object Segmentation,ActionVOSï¼šä»¥åŠ¨ä½œä¸ºæç¤ºçš„è§†é¢‘ç›®æ ‡åˆ†å‰²,2024,,,,,,,,,,
131,äººè„¸æ¨¡å‹ï¼›é€šç”¨,Faceptor: A Generalist Model for Face Perception,Faceptorï¼šé¢å‘äººè„¸æ„ŸçŸ¥çš„é€šç”¨æ¨¡å‹,2024,,,,,,,,,,
132,è§†è§‰æ¨¡å‹ï¼›ç¼ºé™·ä¿®å¤,SINDER: Repairing the Singular Defects of DINOv2,SINDERï¼šä¿®å¤ DINOv2 çš„å¥‡å¼‚ç¼ºé™·,2024,,,,,,,,,,
133,æ°´å°ï¼›é²æ£’,A Geometric Distortion Immunized Deep Watermarking Framework with Robustness Generalizability,ä¸€ç§å…·å‡ ä½•ç•¸å˜å…ç–«æ€§çš„æ·±åº¦æ°´å°æ¡†æ¶åŠå…¶é²æ£’æ€§æ³›åŒ–,2024,,,,,,,,,,
134,è¯­ä¹‰åˆ†å‰²ï¼›å¤šæ¨¡æ€,Learning Modality-agnostic Representation for Semantic Segmentation from Any Modalities,ä»ä»»æ„æ¨¡æ€å­¦ä¹ æ¨¡æ€æ— å…³çš„è¯­ä¹‰åˆ†å‰²è¡¨ç¤º,2024,32,,,è®ºæ–‡æå‡ºäº†ä¸€ä¸ªåä¸º Any2Seg çš„å¤šæ¨¡æ€è¯­ä¹‰åˆ†å‰²æ¡†æ¶ï¼Œæ—¨åœ¨å­¦ä¹  æ¨¡æ€æ— å…³ï¼ˆmodality-agnosticï¼‰è¡¨ç¤ºï¼Œé€šè¿‡ä»å¤šæ¨¡æ€è§†è§‰-è¯­è¨€æ¨¡å‹ (MVLM) è’¸é¦çŸ¥è¯†ï¼Œä½¿å¾—æ¨¡å‹èƒ½å¤Ÿä»â€œä»»æ„â€æ¨¡æ€ç»„åˆï¼ˆä¾‹å¦‚ RGBã€æ·±åº¦ã€LiDARã€äº‹ä»¶æ‘„åƒå¤´ï¼‰è¿›è¡Œè¯­ä¹‰åˆ†å‰²ï¼Œå¹¶åœ¨æ¨¡æ€ä¸å®Œæ•´çš„æƒ…å†µä¸‹ä»å…·å¤‡å¼ºé²æ£’æ€§ã€‚,https://arxiv.org/pdf/2407.11351,,,,,
135,è§†è§‰ Transformerï¼›å»å™ª,Denoising Vision Transformers,Denoising Vision Transformersï¼šè§†è§‰ Transformer å»å™ª,2024,39,,,è®ºæ–‡æå‡ºäº† Denoising Vision Transformers (DVT)ï¼ŒæŒ‡å‡ºé¢„è®­ç»ƒçš„è§†è§‰è½¬æ¢å™¨ï¼ˆViTsï¼‰å…¶ç‰¹å¾å›¾ä¸­æ™®éå­˜åœ¨ æ ¼æ …çŠ¶ (grid-like) å™ªå£°ä¼ªå½±ï¼Œä¸”è¯¥ä¼ªå½±æºäºä½ç½®åµŒå…¥ (positional embeddings)ï¼›ä¸ºæ­¤ï¼Œä½œè€…è®¾è®¡äº†ä¸€ä¸ªä¸¤é˜¶æ®µå»å™ªæµç¨‹ï¼šç¬¬ä¸€é˜¶æ®µåŸºäºæ¯å¼ å›¾åƒçš„ ç¥ç»åœº (neural fields) ä¼˜åŒ–æå–â€œå¹²å‡€â€ç‰¹å¾ï¼Œç¬¬äºŒé˜¶æ®µè®­ç»ƒä¸€ä¸ªè½»é‡ Transformer æ¨¡å—ä»åŸå§‹ ViT è¾“å‡ºé¢„æµ‹å¹²å‡€ç‰¹å¾ï¼Œä»è€Œæ— éœ€é‡æ–°è®­ç»ƒ ViT å³å¯æå‡å…¶åœ¨è¯­ä¹‰åˆ†å‰²ã€æ·±åº¦ä¼°è®¡ã€ç›®æ ‡æ£€æµ‹ç­‰å¯†é›†é¢„æµ‹ä»»åŠ¡ä¸Šçš„æ€§èƒ½ã€‚,https://arxiv.org/pdf/2401.02957,,,,,
136,åˆ†å‰²ï¼›å¼€æ”¾è¯æ±‡,Diffusion Models for Open-Vocabulary Segmentation,é¢å‘å¼€æ”¾è¯æ±‡åˆ†å‰²çš„æ‰©æ•£æ¨¡å‹,2024,,,,,,,,,,
137,åŸå¸‚ç”Ÿæˆï¼›å¸ƒå±€,COHO: Context-Sensitive City-Scale Hierarchical Urban Layout Generation,COHOï¼šå…·ä¸Šä¸‹æ–‡æ„ŸçŸ¥çš„åŸå¸‚çº§åˆ†å±‚åŸå¸‚åœºæ™¯å¸ƒå±€ç”Ÿæˆ,2024,,,,,,,,,,
138,è·Ÿè¸ªï¼›è½»é‡ Transformer,Exploring the Feature Extraction and Relation Modeling For Light-Weight Transformer Tracking,ç”¨äºè½»é‡çº§ Transformer è·Ÿè¸ªçš„ç‰¹å¾æå–ä¸å…³ç³»å»ºæ¨¡æ¢ç´¢,2024,,,,,,,,,,
139,è§†è§‰ Transformerï¼›é€šç”¨æ¨¡å‹,GiT: Towards Generalist Vision Transformer through Universal Language Interface,GiTï¼šé€šè¿‡é€šç”¨è¯­è¨€æ¥å£è¿ˆå‘é€šç”¨è§†è§‰ Transformer,2024,20,,,è®ºæ–‡æå‡ºäº† GiT: Towards Generalist Vision Transformer through Universal Language Interfaceï¼Œä¸€ç§ç»Ÿä¸€è§†è§‰ä»»åŠ¡æ¡†æ¶ï¼Œé€šè¿‡è®¾è®¡â€œé€šç”¨è¯­è¨€æ¥å£â€(universal language interface)ï¼Œä½¿å¾—ä¸€ä¸ªä»…ç”±æ™®é€š ViT(Vision Transformer) æ„æˆçš„æ¨¡å‹èƒ½å¤ŸåŒæ—¶å¤„ç†å›¾åƒçº§ç†è§£ã€ç›®æ ‡æ£€æµ‹ã€è¯­ä¹‰åˆ†å‰²ã€å›¾åƒâ€“æ–‡æœ¬ä»»åŠ¡ç­‰å¤šç§è§†è§‰ä»»åŠ¡ï¼Œæ— éœ€ä¸ºæ¯ä¸ªä»»åŠ¡è®¾è®¡ç‰¹å®šæ¨¡å—,https://arxiv.org/pdf/2403.09394,https://github.com/Haiyang-W/GiT?utm_source=chatgpt.com,356,,,
140,è§†é¢‘å®šä½ï¼›é›¶æ ·æœ¬,E3M: Zero-Shot Spatio-Temporal Video Grounding with Expectation-Maximization Multimodal Modulation,E3Mï¼šå…·æœŸæœ›æœ€å¤§åŒ–å¤šæ¨¡æ€è°ƒåˆ¶çš„é›¶æ ·æœ¬æ—¶ç©ºè§†é¢‘å®šä½,2024,,,,,,,,,,
141,è§†é¢‘ç†è§£ï¼›æ‰‹åŠ¿æ“æ§,Controlling the World by Sleight of Hand,é€šè¿‡æ‰‹åŠ¿æˆæ³•æ§åˆ¶ä¸–ç•Œ,2024,,,,,,,,,,
142,ä¸‰ç»´åŠ¨ç‰©ï¼›é‡å»º,Animal Avatars: Reconstructing Animatable 3D Animals from Casual Videos,Animal Avatarsï¼šä»éšæ‰‹è§†é¢‘é‡å»ºå¯åŠ¨ç”»ä¸‰ç»´åŠ¨ç‰©,2024,,,,,,,,,,
143,å¤šè§†è§’ï¼›ä¸å˜æ€§,Omniview-Tuning: Boosting Viewpoint Invariance of Vision-Language Pre-training Models,Omniview-Tuningï¼šæå‡è§†è§‰-è¯­è¨€é¢„è®­ç»ƒæ¨¡å‹è§†è§’ä¸å˜æ€§,2024,,,,,,,,,,
144,ä¸‰ç»´åœºæ™¯ï¼›æ‰©æ•£,Pyramid Diffusion for Fine 3D Large Scene Generation,Pyramid Diffusionï¼šç”¨äºç²¾ç»†ä¸‰ç»´å¤§åœºæ™¯ç”Ÿæˆçš„é‡‘å­—å¡”æ‰©æ•£,2024,,,,,,,,,,
145,è§†é¢‘æ’åºï¼›è‡ªç›‘ç£,Made to Order: Discovering monotonic temporal changes via self-supervised video ordering,æŒ‰éœ€ç”Ÿæˆï¼šé€šè¿‡è‡ªç›‘ç£è§†é¢‘æ’åºå‘ç°å•è°ƒæ—¶é—´å˜åŒ–,2024,,,,,,,,,,
146,æ‰©æ•£ï¼›åŠ é€Ÿ,FMBoost: Boosting Latent Diffusion with Flow Matching,FMBoostï¼šåˆ©ç”¨æµåŒ¹é…æå‡æ½œå˜é‡æ‰©æ•£,2024,,,,,,,,,,
147,VLMï¼›åŠ é€Ÿ,Turbo: Informativity-Driven Acceleration Plug-In for Vision-Language Large Models,Turboï¼šé¢å‘è§†è§‰-è¯­è¨€å¤§æ¨¡å‹çš„ä¿¡æ¯é©±åŠ¨åŠ é€Ÿæ’ä»¶,2024,,,,,,,,,,
148,å¤šæ¨¡æ€è¯„æµ‹ï¼›åŸºå‡†,MMBENCH: Is Your Multi-Modal Model an All-around Player?,MMBENCHï¼šä½ çš„å¤šæ¨¡æ€æ¨¡å‹æ˜¯å…¨èƒ½é€‰æ‰‹å—ï¼Ÿ,2024,1615,,,è®ºæ–‡æå‡ºäº† MMBenchï¼šâ€œIs Your Multi-Modal Model an All-around Player?â€ï¼Œä¸€ä¸ªä¸“ä¸ºå¤§å‹è§†è§‰â€“è¯­è¨€æ¨¡å‹ (VLMs) è®¾è®¡çš„åŒè¯­ï¼ˆä¸­è‹±ï¼‰å¤šæ¨¡æ€è¯„æµ‹åŸºå‡†ã€‚å®ƒé€šè¿‡ç²¾å¿ƒç­–åˆ’çš„é¢˜åº“ã€èƒ½åŠ›åˆ†ç±»ä½“ç³»ã€ä»¥åŠæ–°é¢–çš„ CircularEval ç­–ç•¥ï¼Œå°†æ¨¡å‹çš„å¤šæ¨¡æ€æ„ŸçŸ¥ä¸æ¨ç†èƒ½åŠ›ï¼ˆåŒ…æ‹¬ç»†ç²’åº¦ä¸è·¨æ¨¡æ€ç±»åˆ«ï¼‰è¿›è¡Œç»¼åˆè¯„æµ‹ï¼Œä»è€Œæ›´å…¨é¢åœ°è¯„ä¼°æ¨¡å‹åœ¨è§†è§‰-è¯­è¨€ä»»åŠ¡ä¸­çš„â€œå…¨æ–¹ä½â€è¡¨ç°ã€‚,https://arxiv.org/pdf/2307.06281,https://github.com/open-compass/MMBench?utm_source=chatgpt.com,267,,,
149,åŠ¨ä½œè¯„ä¼°ï¼›æŒç»­å­¦ä¹ ,MAGR: Manifold-Aligned Graph Regularization for Continual Action Quality Assessment,MAGRï¼šç”¨äºæŒç»­åŠ¨ä½œè´¨é‡è¯„ä¼°çš„æµå½¢å¯¹é½å›¾æ­£åˆ™åŒ–,2024,,,,,,,,,,
150,æ‰©æ•£æ¨¡å‹ï¼›æ¦‚å¿µæå–,ConceptExpress: Harnessing Diffusion Models for Single-image Unsupervised Concept Extraction,ConceptExpressï¼šåˆ©ç”¨æ‰©æ•£æ¨¡å‹è¿›è¡Œå•å›¾åƒæ— ç›‘ç£æ¦‚å¿µæå–,2024,,,,,,,,,,
151,LLMï¼›åå¥½ä¼˜åŒ–,Strengthening Multimodal Large Language Model with Bootstrapped Preference Optimization,é€šè¿‡è‡ªä¸¾åå¥½ä¼˜åŒ–å¢å¼ºå¤šæ¨¡æ€å¤§è¯­è¨€æ¨¡å‹,2024,67,,,è®ºæ–‡æå‡ºäº† Strengthening Multimodal Large Language Model with Bootstrapped Preference Optimizationï¼Œé€šè¿‡è®¾è®¡ä¸€ç§ Bootstrapped Preference Optimization (BPO) æ–¹æ³•ï¼Œè®©å¤šæ¨¡æ€å¤§è¯­è¨€æ¨¡å‹ï¼ˆMLLMï¼‰åœ¨è§†è§‰â€“è¯­è¨€å¯¹è¯ä»»åŠ¡ä¸­æ›´å¥½åœ°â€œæ‰æ ¹â€äºè§†è§‰è¾“å…¥ï¼Œè€Œä¸æ˜¯åå‘å…¶æ–‡æœ¬é¢„è®­ç»ƒè¯­æ–™ä¸­çš„æƒ¯æ€§åå¥½ã€‚ä½œè€…é€šè¿‡ä¸¤ç§æœºåˆ¶ç”Ÿæˆè´Ÿæ ·æœ¬ï¼ˆå¯¹æ¯”ç­”æ¡ˆï¼‰ï¼šä¸€æ˜¯å¯¹å›¾åƒè¿›è¡Œæ‰­æ›²ä»¥å‰Šå¼±è§†è§‰ä¿¡å·ï¼Œä¿ƒä½¿æ¨¡å‹ç”Ÿæˆåå‘é¢„è®­ç»ƒåå¥½çš„ç­”æ¡ˆï¼›äºŒæ˜¯åˆ©ç”¨æ–‡æœ¬ LLM æ’å…¥å¸¸è§ä½†é”™è¯¯çš„å†…å®¹åˆ°æ¨¡å‹çš„ç”Ÿæˆç­”æ¡ˆä¸­ã€‚ç„¶åå°†è¿™äº›è´Ÿæ ·æœ¬ä¸åŸå§‹æ ‡æ³¨ç­”æ¡ˆç»„æˆåå¥½ (preference) æ•°æ®é›†ï¼Œå¹¶ç”¨ DPO / åå¥½å­¦ä¹ æ–¹æ³•ä¼˜åŒ–æ¨¡å‹ï¼Œä»è€Œæå‡æ¨¡å‹å¯¹å›¾åƒçš„å“åº”å‡†ç¡®æ€§ã€‚,https://arxiv.org/pdf/2403.08730?,https://github.com/pipilurj/bootstrapped-preference-optimization-BPO?utm_source=chatgpt.com,59,,,
152,åŠ¨ä½œè¯†åˆ«ï¼›ç»„åˆ,C2C: Component-to-Composition Learning for Zero-Shot Compositional Action Recognition,C2Cï¼šç”¨äºé›¶æ ·æœ¬ç»„åˆåŠ¨ä½œè¯†åˆ«çš„éƒ¨ä»¶åˆ°ç»„åˆå­¦ä¹ ,2024,,,,,,,,,,
153,æ‰©æ•£ï¼›åæ¼”,Exact Diffusion Inversion via Bidirectional Integration Approximation,é€šè¿‡åŒå‘ç§¯åˆ†è¿‘ä¼¼å®ç°ç²¾ç¡®æ‰©æ•£åæ¼”,2024,,,,,,,,,,
154,å›¾åƒç¿»è¯‘ï¼›ç»“æ„,Tackling Structural Hallucination in Image Translation with Local Diffusion,é€šè¿‡å±€éƒ¨æ‰©æ•£è§£å†³å›¾åƒç¿»è¯‘ä¸­çš„ç»“æ„å¹»è§‰,2024,,,,,,,,,,
155,èˆè¹ˆç”Ÿæˆï¼›èŠ‚æ‹åŒæ­¥,Beat-It: Beat-Synchronized Multi-Condition 3D Dance Generation,Beat-Itï¼šèŠ‚æ‹åŒæ­¥çš„å¤šæ¡ä»¶ä¸‰ç»´èˆè¹ˆç”Ÿæˆ,2024,,,,,,,,,,
156,è§†é¢‘ç†è§£ï¼›é•¿è§†é¢‘,LongVLM: Efficient Long Video Understanding via Large Language Models,LongVLMï¼šåŸºäºå¤§è¯­è¨€æ¨¡å‹çš„é«˜æ•ˆé•¿è§†é¢‘ç†è§£,2024,431,,,æ–‡æå‡ºäº† LongVLMï¼Œä¸€ç§é¢å‘ é•¿è§†é¢‘ç†è§£ çš„å¤šæ¨¡æ€å¤§è¯­è¨€æ¨¡å‹æ¡†æ¶ã€‚å…¶æ ¸å¿ƒæ€è·¯æ˜¯å°†é•¿è§†é¢‘åˆ†è§£ä¸ºå¤šä¸ªçŸ­æœŸç‰‡æ®µï¼ˆshort-term segmentsï¼‰ï¼Œå¯¹æ¯ä¸ªç‰‡æ®µé€šè¿‡ â€œå±‚æ¬¡åŒ– token åˆå¹¶æ¨¡å—â€ æå–å±€éƒ¨ç‰¹å¾ï¼ŒåŒæ—¶å°†å…¨å±€è¯­ä¹‰æ³¨å…¥åˆ°æ¯ä¸€ç‰‡æ®µç‰¹å¾ä¸­ï¼Œä»è€Œå…¼é¡¾å±€éƒ¨ç»†èŠ‚ä¸å…¨å±€ä¸Šä¸‹æ–‡ï¼Œä½¿å¾—æ¨¡å‹èƒ½å¤ŸåŸºäºè§†é¢‘æ•´ä½“å™äº‹æµç¨‹ç”Ÿæˆæ›´ç²¾ç¡®çš„ç†è§£ä¸é—®ç­”ç»“æœ,https://arxiv.org/pdf/2404.03384?,https://github.com/ziplab/LongVLM?utm_source=chatgpt.com,107,,,
157,é€†é—®é¢˜ï¼›æ‰©æ•£æ¨æ–­,Diffusion Prior-Based Amortized Variational Inference for Noisy Inverse Problems,é¢å‘å™ªå£°é€†é—®é¢˜çš„æ‰©æ•£å…ˆéªŒæ‘Šé”€å˜åˆ†æ¨æ–­,2024,,,,,,,,,,
158,æ‰‹è¯­ç¿»è¯‘ï¼›ä¸‰ç»´è™šæ‹Ÿäºº,A Simple Baseline for Spoken Language to Sign Language Translation with 3D Avatars,ä¸€ç§é¢å‘å£è¯­åˆ°æ‰‹è¯­ç¿»è¯‘çš„ç®€å•åŸºçº¿ï¼šç»“åˆä¸‰ç»´è™šæ‹Ÿäºº,2024,,,,,,,,,,
159,è§†é¢‘ç†è§£ï¼›è§„åˆ’,"Propose, Assess, Search: Harnessing LLMs for Goal-Oriented Planning in Instructional Videos",æå‡ºã€è¯„ä¼°ä¸æœç´¢ï¼šåˆ©ç”¨å¤§è¯­è¨€æ¨¡å‹å®ç°æ•™å­¦è§†é¢‘ä¸­çš„ç›®æ ‡å¯¼å‘è§„åˆ’,2024,,,,,,,,,,
160,è§†é¢‘ç†è§£ï¼›ç¥ç»ç¬¦å·,Towards Neuro-Symbolic Video Understanding,èµ°å‘ç¥ç»-ç¬¦å·è§†é¢‘ç†è§£,2024,,,,,,,,,,
161,æ‰©æ•£ï¼›è’¸é¦,Adversarial Diffusion Distillation,å¯¹æŠ—æ‰©æ•£è’¸é¦,2024,,,,,,,,,,
162,è§†è§‰è¯­è¨€ï¼›è•´å«è¿‡æ»¤,HYPE: Hyperbolic Entailment Filtering for Underspecified Images and Texts,HYPEï¼šç”¨äºæ¬ æŒ‡å®šå›¾åƒä¸æ–‡æœ¬çš„è¶…æ›²ç‡è•´å«è¿‡æ»¤,2024,,,,,,,,,,
163,åŠ¨ä½œæ£€æµ‹ï¼›ç±»åˆ«æ³¨æ„,Classification Matters: Improving Video Action Detection with Class-Specific Attention,åˆ†ç±»å¾ˆé‡è¦ï¼šé€šè¿‡ç±»åˆ«ç‰¹å®šæ³¨æ„åŠ›æå‡è§†é¢‘åŠ¨ä½œæ£€æµ‹,2024,,,,,,,,,,
164,æ¨ç†åŠ é€Ÿï¼›VLM,An Image is Worth 1/2 Tokens After Layer 2: Plug-and-Play Inference Acceleration for Large Vision-Language Models,å›¾åƒåœ¨ç¬¬ 2 å±‚ååªå€¼åŠä¸ª tokenï¼šç”¨äºå¤§è§„æ¨¡è§†è§‰-è¯­è¨€æ¨¡å‹çš„å³æ’å³ç”¨æ¨ç†åŠ é€Ÿ,2024,344,,,è®ºæ–‡å‘ç°å½“å‰å¤§è§„æ¨¡è§†è§‰-è¯­è¨€æ¨¡å‹ï¼ˆLVLMï¼‰åœ¨æ·±å±‚å¯¹å›¾åƒ token çš„æ³¨æ„åŠ›æä½ï¼Œä»è€Œæå‡ºä¸€ç§åä¸º FastV çš„å³æ’å³ç”¨æ–¹æ³•ï¼Œé€šè¿‡åœ¨æµ…å±‚å­¦ä¹ è‡ªé€‚åº”æ³¨æ„åŠ›æ¨¡å¼ã€åœ¨æ·±å±‚å‰ªé™¤å†—ä½™è§†è§‰ tokenï¼Œä»è€Œåœ¨ä¸ç‰ºç‰²æ€§èƒ½çš„å‰æä¸‹æ˜¾è‘—å‡å°‘æ¨ç†è®¡ç®—é‡,https://arxiv.org/pdf/2403.06764,https://github.com/pkunlp-icler/FastV?utm_source=chatgpt.com,516,,,
165,äººè„¸ç”Ÿæˆï¼›èº«ä»½ä¸€è‡´,Arc2Face: A Foundation Model for ID-Consistent Human Faces,Arc2Faceï¼šé¢å‘èº«ä»½ä¸€è‡´äººè„¸çš„åŸºç¡€æ¨¡å‹,2024,,,,,,,,,,
166,è§†é¢‘è¡¨ç¤ºï¼›è§£è€¦,DEVIAS: Learning Disentangled Video Representations of Action and Scene,DEVIASï¼šå­¦ä¹ åŠ¨ä½œä¸åœºæ™¯è§£è€¦çš„è§†é¢‘è¡¨ç¤º,2024,,,,,,,,,,
167,æŒç»­å­¦ä¹ ï¼›æ•°æ®é‡æ”¾,Diffusion-Driven Data Replay: A Novel Approach to Combat Forgetting in Federated Class Continual Learning,åŸºäºæ‰©æ•£é©±åŠ¨çš„æ•°æ®é‡æ”¾ï¼šè”é‚¦ç±»åˆ«æŒç»­å­¦ä¹ ä¸­å¯¹æŠ—é—å¿˜çš„æ–°æ–¹æ³•,2024,,,,,,,,,,
168,æç¤ºå­¦ä¹ ï¼›æ— ç›‘ç£,uCAP: An Unsupervised Prompting Method for Vision-Language Models,uCAPï¼šä¸€ç§ç”¨äºè§†è§‰-è¯­è¨€æ¨¡å‹çš„æ— ç›‘ç£æç¤ºæ–¹æ³•,2024,,,,,,,,,,
169,è¶…åˆ†è¾¨ç‡ï¼›å…¨æ™¯,OmniSSR: Zero-shot Omnidirectional Image Super-Resolution using Stable Diffusion Model,OmniSSRï¼šä½¿ç”¨ç¨³å®šæ‰©æ•£æ¨¡å‹çš„é›¶æ ·æœ¬å…¨æ™¯å›¾åƒè¶…åˆ†è¾¨ç‡,2024,,,,,,,,,,
170,è§†è§‰è¯­è¨€ï¼›ç¼–ç å¢å¼º,BRAVE: Broadening the visual encoding of vision-language models,BRAVEï¼šæ‰©å±•è§†è§‰-è¯­è¨€æ¨¡å‹çš„è§†è§‰ç¼–ç ,2024,,,,,,,,,,
171,è§†é¢‘æ£€ç´¢ï¼›å¯¹é½,Sync from the Sea: Retrieving Alignable Videos from Large-Scale Datasets,Sync from the Seaï¼šä»å¤§è§„æ¨¡æ•°æ®é›†ä¸­æ£€ç´¢å¯å¯¹é½è§†é¢‘,2024,,,,,,,,,,
172,å‡ ä½•ï¼›è§†å›¾å›¾,A Direct Approach to Viewing Graph Solvability,è§†å›¾å›¾å¯è§£æ€§çš„ç›´æ¥æ–¹æ³•,2024,,,,,,,,,,
173,å¯¹æ¯”å­¦ä¹ ï¼›å¯¹æŠ—,Prompt-Driven Contrastive Learning for Transferable Adversarial Attacks,Prompt-Driven Contrastive Learningï¼šç”¨äºå¯è¿ç§»å¯¹æŠ—æ”»å‡»çš„æç¤ºé©±åŠ¨å¯¹æ¯”å­¦ä¹ ,2024,,,,,,,,,,
174,GNNï¼›æ³›åŒ–,On the Topology Awareness and Generalization Performance of Graph Neural Networks,å›¾ç¥ç»ç½‘ç»œçš„æ‹“æ‰‘æ„ŸçŸ¥ä¸æ³›åŒ–æ€§èƒ½ç ”ç©¶,2024,,,,,,,,,,
175,MRFï¼›å‡¸æ¾å¼›,Convex Relaxations for Manifold-Valued Markov Random Fields with Approximation Guarantees,å…·æœ‰é€¼è¿‘ä¿è¯çš„æµå½¢å€¼é©¬å°”å¯å¤«éšæœºåœºå‡¸æ¾å¼›,2024,,,,,,,,,,
176,çŸ¥è¯†è’¸é¦ï¼›ç‰¹å¾æ­£åˆ™,Improving Knowledge Distillation via Regularizing Feature Direction and Norm,é€šè¿‡æ­£åˆ™åŒ–ç‰¹å¾æ–¹å‘ä¸èŒƒæ•°æ”¹è¿›çŸ¥è¯†è’¸é¦,2024,,,,,,,,,,
177,æ‰©æ•£æ¨¡å‹ï¼›å¯¹æŠ—é²æ£’,Adversarial Robustification via Text-to-Image Diffusion Models,é€šè¿‡æ–‡æœ¬åˆ°å›¾åƒæ‰©æ•£æ¨¡å‹å®ç°å¯¹æŠ—é²æ£’æ€§å¢å¼º,2024,,,,,,,,,,
178,Transformerï¼›æ ·æ¡,Spline-based Transformers,åŸºäºæ ·æ¡çš„ Transformer,2024,,,,è®ºæ–‡æå‡ºäº† Splineâ€‘based Transformers â€”â€” ä¸€ç§æ–°çš„ Transformer æ¶æ„ï¼Œé€šè¿‡å°†è¾“å…¥åºåˆ—ç¼–ç ä¸ºæ½œåœ¨ç©ºé—´ä¸­çš„å…‰æ»‘è½¨è¿¹ï¼ˆç”±æ§åˆ¶ç‚¹å®šä¹‰çš„æ ·æ¡æ›²çº¿ï¼‰è€Œ æ— éœ€ä¼ ç»Ÿçš„ positional encodingï¼Œä»è€Œæ”¹å–„åºåˆ—å»ºæ¨¡çš„æ³›åŒ–æ€§èƒ½ï¼Œå°¤å…¶åœ¨é•¿åºåˆ—ã€å›¾åƒ patchã€åŠ¨ç”»å¸§ã€3D å½¢çŠ¶ç­‰å¤šæ¨¡æ€åœºæ™¯ä¸­å±•ç°è¾ƒå¥½æ•ˆæœã€‚,https://arxiv.org/abs/2504.02797,https://github.com/lucidrains/spline-based-transformer/tree/main,105,,,
179,é€†æ¸²æŸ“ï¼›è¾å°„ç¼“å­˜,Flash Cache: Reducing Bias in Radiance Cache Based Inverse Rendering,Flash Cacheï¼šå‡å°‘åŸºäºè¾å°„ç¼“å­˜çš„é€†æ¸²æŸ“åå·®,2024,,,,,,,,,,
180,æŒç»­å­¦ä¹ ï¼›åé—¨é²æ£’,Flatness-aware Sequential Learning Generates Resilient Backdoors,åŸºäºå¹³å¦åº¦æ„ŸçŸ¥çš„åºåˆ—å­¦ä¹ ç”Ÿæˆé«˜éŸ§æ€§åé—¨,2024,,,,,,,,,,
181,åˆ†ç±»ï¼›æŒç»­å­¦ä¹ ,Anytime Continual Learning for Open Vocabulary Classification,ç”¨äºå¼€æ”¾è¯æ±‡åˆ†ç±»çš„éšæ—¶æŒç»­å­¦ä¹ ,2024,,,,,,,,,,
182,æ¨¡å‹åæ¼”ï¼›å®‰å…¨,A Closer Look at GAN Priors: Exploiting Intermediate Features for Enhanced Model Inversion Attacks,æ›´è¿‘è·ç¦»åœ°å®¡è§† GAN å…ˆéªŒï¼šåˆ©ç”¨ä¸­é—´ç‰¹å¾æå‡æ¨¡å‹åæ¼”æ”»å‡»,2024,,,,,,,,,,
183,å‡ ä½•ç”Ÿæˆï¼›æ ‘ç»“æ„,A Riemannian Approach for Spatiotemporal Analysis and Generation of 4D Tree-shaped Structures,ä¸€ç§ç”¨äºå››ç»´æ ‘å½¢ç»“æ„æ—¶ç©ºåˆ†æä¸ç”Ÿæˆçš„é»æ›¼æ–¹æ³•,2024,,,,,,,,,,
184,æŒç»­å­¦ä¹ ï¼›é›†æˆ,Weighted Ensemble Models Are Strong Continual Learners,åŠ æƒé›†æˆæ¨¡å‹æ˜¯å¼ºå¤§çš„æŒç»­å­¦ä¹ è€…,2024,,,,,,,,,,
185,ç‰©ç†äº¤äº’ï¼›è§†é¢‘ç”Ÿæˆ,Physics-Based Interaction with 3D Objects via Video Generation,é€šè¿‡è§†é¢‘ç”Ÿæˆå®ç°ä¸ä¸‰ç»´ç‰©ä½“çš„ç‰©ç†äº¤äº’,2024,,,,,,,,,,
186,éšç§ï¼›ç›¸æœºè®¾è®¡,Learning a Dynamic Privacy-preserving Camera Robust to Inversion Attacks,å­¦ä¹ å¯¹åæ¼”æ”»å‡»é²æ£’çš„åŠ¨æ€éšç§ä¿æŠ¤ç›¸æœº,2024,,,,,,,,,,
187,æ¦‚å¿µæ¶ˆé™¤ï¼›æ‰©æ•£,R.A.C.E.: Robust Adversarial Concept Erasure for Secure Text-to-Image Diffusion Model,R.A.C.E.ï¼šé¢å‘å®‰å…¨æ–‡æœ¬åˆ°å›¾åƒæ‰©æ•£æ¨¡å‹çš„é²æ£’å¯¹æŠ—æ¦‚å¿µæ¶ˆé™¤,2024,,,,,,,,,,
188,å½¢çŠ¶æ¢å¤ï¼›çƒ­ä¼ å¯¼,Shape from Heat Conduction,åŸºäºçƒ­ä¼ å¯¼çš„å½¢çŠ¶æ¢å¤,2024,,,,,,,,,,
189,åŸŸè‡ªé€‚åº”ï¼›å›å½’,COD: Learning Conditional Invariant Representation for Domain Adaptation Regression,CODï¼šé¢å‘é¢†åŸŸè‡ªé€‚åº”å›å½’çš„æ¡ä»¶ä¸å˜è¡¨ç¤ºå­¦ä¹ ,2024,,,,,,,,,,
190,æ¸²æŸ“ï¼›è¾¹ç¼˜æ¢¯åº¦,Rasterized Edge Gradients: Handling Discontinuities Differentially,æ …æ ¼åŒ–è¾¹ç¼˜æ¢¯åº¦ï¼šå·®åˆ†å¤„ç†ä¸è¿ç»­æ€§,2024,,,,,,,,,,
191,é•¿å°¾è¯†åˆ«ï¼›åæ€å­¦ä¹ ,Echoes of the Past: Boosting Long-tail Recognition via Reflective Learning,Echoes of the Pastï¼šé€šè¿‡åæ€å­¦ä¹ æå‡é•¿å°¾è¯†åˆ«,2024,,,,,,,,,,
192,é‡è¯†åˆ«ï¼›éšç§ä¿æŠ¤,Privacy-Preserving Adaptive Re-Identification without Image Transfer,æ— éœ€å›¾åƒä¼ è¾“çš„éšç§ä¿æŠ¤è‡ªé€‚åº”é‡è¯†åˆ«,2024,,,,,,,,,,
193,è¶Šç‹±ï¼›å¤šæ¨¡æ€æ¨¡å‹,Images are Achilles' Heel of Alignment: Exploiting Visual Vulnerabilities for Jailbreaking Multimodal Large Language Models,å¯¹é½çš„é˜¿å–€ç‰æ–¯ä¹‹è¸µï¼šåˆ©ç”¨è§†è§‰è„†å¼±æ€§è¶Šç‹±å¤šæ¨¡æ€å¤§è¯­è¨€æ¨¡å‹,2024,135,,,è®ºæ–‡æ­ç¤ºäº†åœ¨å¤šæ¨¡æ€å¤§è¯­è¨€æ¨¡å‹ï¼ˆMLLMï¼‰ä¸­ï¼Œå›¾åƒè¾“å…¥æ˜¯å…¶å¯¹é½æœºåˆ¶çš„â€œé˜¿å–€ç‰æ–¯ä¹‹è¸µâ€ï¼Œé€šè¿‡è®¾è®¡ä¸€ç§åä¸º HADES çš„æ–¹æ³•ï¼Œè¯¥æ–¹æ³•éšè—å¹¶æ”¾å¤§æ–‡æœ¬ä¸­çš„æ¶æ„æ„å›¾ï¼Œé€šè¿‡ç²¾å¿ƒåˆæˆæˆ–é€‰æ‹©å›¾åƒæç¤ºï¼Œåœ¨æ— é¡»ä¿®æ”¹æ¨¡å‹æƒé‡çš„æƒ…å†µä¸‹ä½¿æ¨¡å‹ç»•è¿‡å®‰å…¨ä¿æŠ¤æœºåˆ¶ã€ç”Ÿæˆæœ‰å®³è¾“å‡ºã€‚,https://arxiv.org/pdf/2403.09792,https://github.com/RUCAIBox/HADES,32,,,
194,æ‰©æ•£æ¨¡å‹ï¼›æ§åˆ¶,ControlNet-XS: Rethinking the Control of Text-to-Image Diffusion Models as Feedback-Control Systems,ControlNet-XSï¼šå°†æ–‡æœ¬åˆ°å›¾åƒæ‰©æ•£æ¨¡å‹çš„æ§åˆ¶é‡æ–°æ€è€ƒä¸ºåé¦ˆæ§åˆ¶ç³»ç»Ÿ,2024,,,,,,,,,,
195,å¯†é›†é¢„æµ‹ï¼›é€šç”¨æ¨¡å‹,Chameleon: A Data-Efficient Generalist for Dense Visual Prediction in the Wild,Chameleonï¼šé¢å‘é‡å¤–è‡´å¯†è§†è§‰é¢„æµ‹çš„æ•°æ®é«˜æ•ˆé€šç”¨æ¨¡å‹,2024,,,,,,,,,,
196,æ—¶ç©ºæ¨¡å‹ï¼›çŠ¶æ€ç©ºé—´,Mamba-ND: Selective State Space Modeling for Multi-Dimensional Data,Mamba-NDï¼šç”¨äºå¤šç»´æ•°æ®çš„é€‰æ‹©æ€§çŠ¶æ€ç©ºé—´å»ºæ¨¡,2024,,,,,,,,,,
197,å¼ºåŒ–å­¦ä¹ ï¼›å›¾åƒç”Ÿæˆ,Parrot: Pareto-optimal Multi-Reward Reinforcement Learning Framework for Text-to-Image Generation,Parrotï¼šé¢å‘æ–‡æœ¬åˆ°å›¾åƒç”Ÿæˆçš„å¸•ç´¯æ‰˜æœ€ä¼˜å¤šå¥–åŠ±å¼ºåŒ–å­¦ä¹ æ¡†æ¶,2024,,,,,,,,,,
198,æ‰©æ•£æ¨¡å‹ï¼›æ¦‚å¿µç®—æœ¯,Concept Arithmetics for Circumventing Concept Inhibition in Diffusion Models,æ¦‚å¿µç®—æœ¯ï¼šç»•è¿‡æ‰©æ•£æ¨¡å‹ä¸­çš„æ¦‚å¿µæŠ‘åˆ¶,2024,,,,,,,,,,
199,è¶…åˆ†è¾¨ç‡ï¼›Transformer,HiT-SR: Hierarchical Transformer for Efficient Image Super-Resolution,HiT-SRï¼šç”¨äºé«˜æ•ˆå›¾åƒè¶…åˆ†è¾¨ç‡çš„å±‚çº§ Transformer,2024,66,,,è®ºæ–‡æå‡ºäº† HiTâ€‘SR: Hierarchical Transformer for Efficient Image Superâ€‘Resolutionï¼Œä¸€ç§å°†ä¼ ç»ŸåŸºäº Transformer çš„å›¾åƒè¶…åˆ†è¾¨ç‡ï¼ˆSRï¼‰ç½‘ç»œè½¬æ¢ä¸ºâ€œå±‚æ¬¡åŒ–çª—å£â€ç»“æ„ï¼ˆhierarchical windowsï¼‰çš„é€šç”¨ç­–ç•¥ï¼Œä»è€Œåˆ©ç”¨å¤šå°ºåº¦ç‰¹å¾ä¸é•¿ç¨‹ä¾èµ–ï¼ŒåŒæ—¶é€šè¿‡å¼•å…¥ç©ºé—´-é€šé“ç›¸å…³ï¼ˆspatial-channel correlationï¼‰æœºåˆ¶ä½¿å¾—å¤§çª—å£çš„è®¡ç®—å¤æ‚åº¦é™ä¸ºçº¿æ€§ï¼Œä»è€Œåœ¨å‚æ•°ã€FLOPs ä¸é€Ÿåº¦ä¸Šè·å¾—æ˜¾è‘—æå‡ã€‚,https://arxiv.org/pdf/2407.05878?,https://github.com/XiangZ-0/HiT-SR?utm_source=chatgpt.com,152,,,
200,æ¨¡å‹é›†æˆï¼›å¤šä»»åŠ¡,Model Stock: All we need is just a few fine-tuned models,Model Stockï¼šåªéœ€å°‘é‡å¾®è°ƒæ¨¡å‹å°±è¶³å¤Ÿäº†,2024,,,,,,,,,,
